"Timestamp","Steam (psig)"
1639925400000,75.45848301478794
1639926000000,72.52231674194336
1639926600000,70.34830220540364
1639927200000,73.28908309936523
1639927800000,75.89730224609374
1639928400000,72.60349731445312
1639929000000,72.03414611816406
1639929600000,71.11522759331598
1639930200000,72.04523239135742
1639930800000,73.79942474365234
1639931400000,73.5973617553711
1639932000000,71.53381729125977
1639932600000,72.07328626844618
1639933200000,70.83500137329102
1639933800000,73.66745834350586
1639934400000,73.0609130859375
1639935000000,71.08212661743164
1639935600000,71.10886891682942
1639936200000,74.10126724243165
1639936800000,73.88919067382812
1639937400000,71.5177230834961
1639938000000,72.23835525512695
1639938600000,70.37810346815321
1639939200000,74.29689254760743
1639939800000,73.88597183227539
1639940400000,71.95046005249023
1639941000000,72.53697814941407
1639941600000,72.07384490966797
1639942200000,74.51155175103082
1639942800000,72.76979751586914
1639943400000,71.24771118164062
1639944000000,69.77533416748047
1639944600000,73.20575332641602
1639945200000,73.72038803100585
1639945800000,72.37290276421442
1639946400000,72.17112197875977
1639947000000,70.82355766296386
1639947600000,73.38778839111328
1639948200000,74.02159288194444
1639948800000,71.16402282714844
1639949400000,70.73271865844727
1639950000000,74.35590057373047
1639950600000,73.9760955810547
1639951200000,71.93500264485677
1639951800000,72.35744705200196
1639952400000,72.0230598449707
1639953000000,73.26190147399902
1639953600000,73.69177856445313
1639954200000,72.02627944946289
1639954800000,72.23302968343098
1639955400000,71.50628051757812
1639956000000,73.22864036560058
1639956600000,73.45538024902343
1639957200000,71.53667907714843
1639957800000,69.49475012885199
1639958400000,73.36811904907226
1639959000000,74.37414093017578
1639959600000,72.27697982788087
1639960200000,71.86248397827148
1639960800000,70.23544820149739
1639961400000,73.94140548706055
1639962000000,73.21791305541993
1639962600000,71.26237411499024
1639963200000,71.29098434448242
1639963800000,75.04959191216363
1639964400000,73.51295928955078
1639965000000,72.192578125
1639965600000,71.88322601318359
1639966200000,70.01280288696289
1639966800000,73.3031489054362
1639967400000,73.27906799316406
1639968000000,71.92578430175782
1639968600000,71.03384552001953
1639969200000,72.52481994628906
1639969800000,72.49887212117513
1639970400000,73.80157241821288
1639971000000,72.13035049438477
1639971600000,70.82749099731446
1639972200000,72.95755615234376
1639972800000,75.77427520751954
1639973400000,71.5010740492079
1639974000000,73.04517669677735
1639974600000,71.93293685913086
1639975200000,70.54674987792968
1639975800000,75.17794121636285
1639976400000,73.0383804321289
1639977000000,71.77378921508789
1639977600000,71.76949844360351
1639978200000,71.61786041259765
1639978800000,73.37813186645508
1639979400000,73.94688585069444
1639980000000,71.37288208007813
1639980600000,71.17582550048829
1639981200000,74.4238525390625
1639981800000,72.49191741943359
1639982400000,73.54355706108942
1639983000000,68.60802001953125
1639983600000,72.15180816650391
1639984200000,72.3803337097168
1639984800000,74.03760681152343
1639985400000,71.91970291137696
1639986000000,69.77330695258246
1639986600000,72.81021118164062
1639987200000,74.82618942260743
1639987800000,71.75590744018555
1639988400000,73.23678673638238
1639989000000,70.02925300598145
1639989600000,70.8543140411377
1639990200000,73.2812126159668
1639990800000,72.47296333312988
1639991400000,70.23274574279785
1639992000000,70.21279907226562
1639992600000,73.83876419067383
1639993200000,72.12748832702637
1639993800000,71.11574630737304
1639994400000,71.17832946777344
1639995000000,76.10143280029297
1639995600000,71.48446426391601
1639996200000,73.35846176147462
1639996800000,72.11640243530273
1639997400000,70.46628189086914
1639998000000,75.4824462890625
1639998600000,73.54435136583116
1639999200000,71.41365203857421
1639999800000,72.40251007080079
1640000400000,70.54424514770508
1640001000000,74.13524169921875
1640001600000,72.22429021199544
1640002200000,70.2370391845703
1640002800000,71.8868019104004
1640003400000,74.02759323120117
1640004000000,72.55843734741211
1640004600000,70.98568301730685
1640005200000,70.46807022094727
1640005800000,71.85461463928223
1640006400000,73.99612274169922
1640007000000,72.63926162719727
1640007600000,70.66023763020833
1640008200000,72.67430953979492
1640008800000,74.04583358764648
1640009400000,72.42682800292968
1640010000000,73.26500023735895
1640010600000,70.88721656799316
1640011200000,69.87046508789062
1640011800000,73.30696487426758
1640012400000,70.89079208374024
1640013000000,73.9836051940918
1640013600000,71.43550703260634
1640014200000,70.15049057006836
1640014800000,73.07164001464844
1640015400000,74.46426544189453
1640016000000,72.52267227172851
1640016600000,70.70156521267361
1640017200000,72.25301666259766
1640017800000,71.00130195617676
1640018400000,73.99719619750977
1640019000000,72.08135414123535
1640019600000,68.91697353786893
1640020200000,74.73999786376953
1640020800000,74.25254592895507
1640021400000,71.73945617675781
1640022000000,72.35816268920898
1640022600000,69.59290228949652
1640023200000,72.96757049560547
1640023800000,73.66996002197266
1640024400000,71.55527572631836
1640025000000,70.56928024291992
1640025600000,74.29379272460938
1640026200000,74.57513122558593
1640026800000,72.03414840698242
1640027400000,70.92262191772461
1640028000000,70.30928039550781
1640028600000,74.29975212944879
1640029200000,72.59455795288086
1640029800000,70.8575325012207
1640030400000,71.76842422485352
1640031000000,74.99499282836913
1640031600000,71.44226531982422
1640032200000,73.66634284125433
1640032800000,71.46336212158204
1640033400000,70.51134338378907
1640034000000,73.65565490722656
1640034600000,74.55510330200195
1640035200000,70.57003614637587
1640035800000,73.86129608154297
1640036400000,73.66567001342773
1640037000000,72.53876647949218
1640037600000,72.7301010131836
1640038200000,70.57929306030273
1640038800000,70.75958082411024
1640039400000,73.86594314575196
1640040000000,73.59199752807618
1640040600000,71.71585311889649
1640041200000,73.0472429063585
1640041800000,71.157230758667
1640042400000,73.63097915649413
1640043000000,71.80204238891602
1640043600000,71.24020004272461
1640044200000,74.82070583767361
1640044800000,71.56493225097657
1640045400000,73.79549102783203
1640046000000,71.99730987548828
1640046600000,70.20520858764648
1640047200000,72.22428894042969
1640047800000,74.39023513793946
1640048400000,72.59062576293945
1640049000000,71.5756591796875
1640049600000,72.42289352416992
1640050200000,73.23678758409288
1640050800000,74.20676956176757
1640051400000,71.77378959655762
1640052000000,70.21915588378906
1640052600000,73.27084197998047
1640053200000,75.4215316772461
1640053800000,72.16253814697265
1640054400000,71.52952651977539
1640055000000,72.09208297729492
1640055600000,72.87557856241862
1640056200000,73.7318328857422
1640056800000,70.05142631530762
1640057400000,70.83857803344726
1640058000000,74.19389419555664
1640058600000,74.45210418701171
1640059200000,71.5960430569119
1640059800000,72.31631927490234
1640060400000,70.8743408203125
1640061000000,73.08558883666993
1640061600000,74.15884628295899
1640062200000,71.7267803615994
1640062800000,71.92614135742187
1640063400000,74.1066291809082
1640064000000,71.4122200012207
1640064600000,73.61524353027343
1640065200000,70.99959394666884
1640065800000,70.38545608520508
1640066400000,73.9099334716797
1640067000000,73.67639846801758
1640067600000,70.94833289252387
1640068200000,72.74404983520508
1640068800000,71.67150650024413
1640069400000,73.61595840454102
1640070000000,73.53084182739258
1640070600000,70.51480060153537
1640071200000,70.29247207641602
1640071800000,74.53757858276367
1640072400000,73.12099609375
1640073000000,71.82385711669922
1640073600000,71.22231903076172
1640074200000,72.47264522976346
1640074800000,74.165283203125
1640075400000,72.43397903442383
1640076000000,71.06317138671875
1640076600000,71.32746353149415
1640077200000,74.53817749023438
1640077800000,73.52368698120117
1640078400000,71.72550811767579
1640079000000,69.32149772644043
1640079600000,71.55026779174804
1640080200000,74.18888600667317
1640080800000,72.1539535522461
1640081400000,71.14328079223633
1640082000000,71.67579650878906
1640082600000,72.02878112792969
1640083200000,74.53380499945746
1640083800000,72.56487426757812
1640084400000,70.82892227172852
1640085000000,70.5038330078125
1640085600000,73.10954971313477
1640086200000,73.05042266845703
1640086800000,73.02729187011718
1640087400000,70.52099914550782
1640088000000,70.5460334777832
1640088600000,74.14847412109376
1640089200000,72.89675750732422
1640089800000,70.29942491319444
1640090400000,72.39607086181641
1640091000000,71.39362564086915
1640091600000,72.74047164916992
1640092200000,73.60129776000977
1640092800000,72.09037526448567
1640093400000,70.6397315979004
1640094000000,75.27251434326172
1640094600000,71.30171432495118
1640095200000,73.75579299926758
1640095800000,71.68867263793945
1640096400000,69.32427808973524
1640097000000,73.1199234008789
1640097600000,74.02401885986328
1640098200000,72.39213790893555
1640098800000,71.3614372253418
1640099400000,74.95064544677734
1640100000000,72.93716964721679
1640100600000,72.470458984375
1640101200000,70.63973426818848
1640101800000,69.86188163757325
1640102400000,72.85706100463867
1640103000000,73.55985090467665
1640103600000,71.44047393798829
1640104200000,71.03277282714843
1640104800000,72.41323776245117
1640105400000,72.23871459960938
1640106000000,75.10641479492188
1640106600000,71.99480667114258
1640107200000,70.35291137695313
1640107800000,72.47654037475586
1640108400000,71.47158966064453
1640109000000,74.74321916368272
1640109600000,71.78129920959472
1640110200000,70.46449432373046
1640110800000,71.7129913330078
1640111400000,73.96214752197265
1640112000000,73.7572250366211
1640112600000,70.69918060302734
1640113200000,72.51730880737304
1640113800000,70.47236099243165
1640114400000,73.54192886352538
1640115000000,72.46270921495226
1640115600000,68.72424774169922
1640116200000,73.31626358032227
1640116800000,74.90200958251953
1640117400000,71.96369171142578
1640118000000,71.81936645507812
1640118600000,69.46097450256347
1640119200000,71.8113395690918
1640119800000,73.32234191894531
1640120400000,72.7054229736328
1640121000000,70.28512064615886
1640121600000,71.8016845703125
1640122200000,72.31274108886718
1640122800000,73.86773376464843
1640123400000,71.12575569152833
1640124000000,70.13439865112305
1640124600000,73.38027954101562
1640125200000,73.03587646484375
1640125800000,73.32738749186198
1640126400000,71.93293380737305
1640127000000,69.56969413757324
1640127600000,71.79131240844727
1640128200000,73.87524185180663
1640128800000,70.90819761488173
1640129400000,70.37687377929687
1640130000000,72.88495559692383
1640130600000,75.10907669067383
1640131200000,72.00017013549805
1640131800000,71.81618754069011
1640132400000,70.52815322875976
1640133000000,72.46545181274413
1640133600000,74.01150207519531
1640134200000,72.3681739807129
1640134800000,70.15120866563585
1640135400000,74.26184387207032
1640136000000,73.2028907775879
1640136600000,72.39106369018555
1640137200000,72.02917989095052
1640137800000,68.25574989318848
1640138400000,74.54365921020508
1640139000000,72.87959060668945
1640139600000,71.90325164794922
1640140200000,71.73444976806641
1640140800000,76.02036794026692
1640141400000,71.46801147460937
1640142000000,72.76800842285157
1640142600000,71.44262161254883
1640143200000,70.03747863769532
1640143800000,74.21988169352214
1640144400000,72.5884780883789
1640145000000,71.33318557739258
1640145600000,72.25051345825196
1640146200000,70.56784896850586
1640146800000,74.14557478162978
1640147400000,72.25230255126954
1640148000000,70.74058685302734
1640148600000,71.13791732788086
1640149200000,74.71281967163085
1640149800000,71.45156173706054
1640150400000,74.2596172756619
1640151000000,71.42688446044922
1640151600000,70.2395408630371
1640152200000,73.19967346191406
1640152800000,73.72360610961914
1640153400000,70.60420905219183
1640154000000,72.95218887329102
1640154600000,71.4097183227539
1640155200000,73.67139358520508
1640155800000,72.55378761291504
1640156400000,70.92647722032335
1640157000000,71.3828971862793
1640157600000,74.429931640625
1640158200000,71.48017044067383
1640158800000,73.8151611328125
1640159400000,70.73931418524847
1640160000000,68.75415975397283
1640160600000,73.1060545179579
1640161200000,73.3809944152832
1640161800000,71.57887916564941
1640162400000,69.72848510742188
1640163000000,72.08171310424805
1640163600000,74.70070054796007
1640164200000,71.01453323364258
1640164800000,72.82809371948242
1640165400000,71.41794357299804
1640166000000,69.86295471191406
1640166600000,73.48236253526476
1640167200000,72.07598876953125
1640167800000,73.0755729675293
1640168400000,70.43194961547852
1640169000000,70.10685920715332
1640169600000,74.65380944146051
1640170200000,72.43076248168946
1640170800000,70.25635070800782
1640171400000,72.1049575805664
1640172000000,75.05972366333008
1640172600000,71.90825881958008
1640173200000,72.78895060221355
1640173800000,70.93442344665527
1640174400000,70.17552375793457
1640175000000,73.50401992797852
1640175600000,72.36018880208333
1640176200000,71.14506912231445
1640176800000,72.95469360351562
1640177400000,71.22839889526367
1640178000000,74.17565460205078
1640178600000,72.34636116027832
1640179200000,69.55197058783637
1640179800000,72.51874084472657
1640180400000,74.21392059326172
1640181000000,73.30124130249024
1640181600000,71.53560638427734
1640182200000,71.72837142944336
1640182800000,71.33060201009114
1640183400000,73.34093704223633
1640184000000,71.87070770263672
1640184600000,70.29461822509765
1640185200000,72.51198238796658
1640185800000,75.24533615112304
1640186400000,72.74512100219727
1640187000000,71.61929016113281
1640187600000,71.62608642578125
1640188200000,72.05453109741211
1640188800000,74.84176466200087
1640189400000,71.07068328857422
1640190000000,70.67585372924805
1640190600000,73.66960372924805
1640191200000,74.23394927978515
1640191800000,71.94493865966797
1640192400000,72.79841003417968
1640193000000,69.72312126159667
1640193600000,71.5667179107666
1640194200000,73.73147506713867
1640194800000,72.36416286892361
1640195400000,71.31566009521484
1640196000000,72.65177993774414
1640196600000,71.77808227539063
1640197200000,72.90283813476563
1640197800000,71.44385274251302
1640198400000,69.7810562133789
1640199000000,72.99188995361328
1640199600000,73.76115646362305
1640200200000,72.29736328125
1640200800000,71.12003631591797
1640201400000,71.91751861572266
1640202000000,71.78737869262696
1640202600000,73.63884658813477
1640203200000,71.90146331787109
1640203800000,69.63541920979817
1640204400000,71.37037887573243
1640205000000,73.23078689575195
1640205600000,73.28300323486329
1640206200000,70.90474014282226
1640206800000,70.06616889105902
1640207400000,73.5855613708496
1640208000000,73.47540817260742
1640208600000,71.28740692138672
1640209200000,71.54561843872071
1640209800000,71.87102762858073
1640210400000,74.08910598754883
1640211000000,73.32627639770507
1640211600000,70.01029891967774
1640212200000,71.82457275390625
1640212800000,75.5697487725152
1640213400000,73.44214935302735
1640214000000,71.60355606079102
1640214600000,71.28454513549805
1640215200000,71.65183639526367
1640215800000,73.7791985405816
1640216400000,73.29802169799805
1640217000000,71.12718963623047
1640217600000,71.60248260498047
1640218200000,74.80187225341797
1640218800000,71.30385894775391
1640219400000,72.94154273139105
1640220000000,70.86253967285157
1640220600000,70.15836029052734
1640221200000,73.99040069580079
1640221800000,73.76171451144748
1640222400000,71.4672966003418
1640223000000,71.41508331298829
1640223600000,72.11246795654297
1640224200000,73.2926570892334
1640224800000,73.22566053602431
1640225400000,70.99486389160157
1640226000000,70.7452377319336
1640226600000,75.17774353027343
1640227200000,71.32102432250977
1640227800000,73.25152969360352
1640228400000,72.19806077745226
1640229000000,70.3933235168457
1640229600000,72.95541076660156
1640230200000,74.83405838012695
1640230800000,73.39279403686524
1640231400000,70.82117377387152
1640232000000,71.59568710327149
1640232600000,71.99158744812011
1640233200000,74.18888702392579
1640233800000,70.44124794006348
1640234400000,70.23942142062717
1640235000000,73.90170669555664
1640235600000,72.87637252807617
1640236200000,71.5127166748047
1640236800000,71.73480682373047
1640237400000,72.0895767211914
1640238000000,73.37984212239583
1640238600000,72.63389701843262
1640239200000,70.9380012512207
1640239800000,69.97489395141602
1640240400000,73.50187301635742
1640241000000,74.17458089192708
1640241600000,71.65684356689454
1640242200000,74.75609436035157
1640242800000,71.67079238891601
1640243400000,73.26833877563476
1640244000000,72.44323984781902
1640244600000,70.21093139648437
1640245200000,72.75871047973632
1640245800000,74.54759368896484
1640246400000,72.65499725341797
1640247000000,70.82832590738933
1640247600000,71.66077880859375
1640248200000,72.33312644958497
1640248800000,71.32674636840821
1640249400000,73.67282104492188
1640250000000,71.56743469238282
1640250600000,69.33103476630316
1640251200000,74.02151565551758
1640251800000,73.25367851257325
1640252400000,70.9920036315918
1640253000000,71.36250915527344
1640253600000,74.78295813666449
1640254200000,71.4097183227539
1640254800000,73.39064712524414
1640255400000,71.61499824523926
1640256000000,71.0277660369873
1640256600000,69.97704048156739
1640257200000,73.95721944173177
1640257800000,72.404296875
1640258400000,71.32925033569336
1640259000000,71.8295799255371
1640259600000,71.78916702270507
1640260200000,73.35242546929254
1640260800000,73.22399215698242
1640261400000,71.52129974365235
1640262000000,71.14757537841797
1640262600000,73.49579238891602
1640263200000,74.86123657226562
1640263800000,70.4094967312283
1640264400000,73.48434982299804
1640265000000,72.21010208129883
1640265600000,73.38671493530273
1640266200000,71.21409301757812
1640266800000,69.1502316792806
1640267400000,73.16283798217773
1640268000000,73.99719619750977
1640268600000,72.47010192871093
1640269200000,70.95627848307292
1640269800000,71.8714225769043
1640270400000,71.9164825439453
1640271000000,73.59271240234375
1640271600000,71.62572860717773
1640272200000,70.19332800971137
1640272800000,73.4543083190918
1640273400000,74.470703125
1640274000000,71.96869888305665
1640274600000,72.60171051025391
1640275200000,69.54601075914171
1640275800000,71.64718780517578
1640276400000,73.67603988647461
1640277000000,73.60558776855468
1640277600000,71.1933494567871
1640278200000,70.4353273179796
1640278800000,71.41615600585938
1640279400000,74.1363151550293
1640280000000,72.75155868530274
1640280600000,70.4655253092448
1640281200000,73.97609634399414
1640281800000,71.41544113159179
1640282400000,73.35739059448242
1640283000000,72.31989517211915
1640283600000,69.7566180759006
1640284200000,71.33604736328125
1640284800000,74.02795181274413
1640285400000,71.5577781677246
1640286000000,70.28925399780273
1640286600000,73.1449957953559
1640287200000,70.67800064086914
1640287800000,73.82731781005859
1640288400000,72.61136589050292
1640289000000,70.99987335205078
1640289600000,70.41156234741212
1640290200000,74.66096496582031
1640290800000,73.3423698425293
1640291400000,71.22589340209962
1640292000000,72.44149017333984
1640292600000,71.46769375271268
1640293200000,73.24580841064453
1640293800000,71.61070861816407
1640294400000,69.65409622192382
1640295000000,72.01483306884765
1640295600000,74.06808556450738
1640296200000,72.05238571166993
1640296800000,71.30457305908203
1640297400000,71.54275665283203
1640298000000,71.45140075683594
1640298600000,73.98217315673828
1640299200000,72.58883361816406
1640299800000,69.62333908081055
1640300400000,73.07736511230469
1640301000000,74.83620223999023
1640301600000,71.37828826904297
1640302200000,71.90826034545898
1640302800000,70.91189117431641
1640303400000,71.29277114868164
1640304000000,73.97108840942383
1640304600000,72.6832512749566
1640305200000,70.95874328613282
1640305800000,71.96476516723632
1640306400000,71.83744659423829
1640307000000,72.95719718933105
1640307600000,70.45797771877713
1640308200000,70.95945663452149
1640308800000,74.16421051025391
1640309400000,74.5261344909668
1640310000000,71.72980041503907
1640310600000,71.63021850585938
1640311200000,70.06966743469238
1640311800000,72.44435348510743
1640312400000,73.81480026245117
1640313000000,71.28168563842773
1640313600000,69.23964097764757
1640314200000,73.22971420288086
1640314800000,71.26487731933594
1640315400000,73.05804977416992
1640316000000,71.28704986572265
1640316600000,68.69603644476996
1640317200000,73.28443222045898
1640317800000,72.77480621337891
1640318400000,71.77307434082032
1640319000000,70.79423217773437
1640319600000,74.49108581542968
1640320200000,71.67989095052083
1640320800000,73.36704559326172
1640321400000,71.77378845214844
1640322000000,69.2134910583496
1640322600000,74.06085357666015
1640323200000,73.07386695014105
1640323800000,71.33532943725587
1640324400000,71.54454650878907
1640325000000,71.86141052246094
1640325600000,72.82880744934081
1640326200000,73.80304124620226
1640326800000,70.37651672363282
1640327400000,70.55604934692383
1640328000000,73.86379776000976
1640328600000,74.02902526855469
1640329200000,71.13946702745226
1640329800000,71.8846549987793
1640330400000,69.79679069519042
1640331000000,73.11133880615235
1640331600000,72.87959136962891
1640332200000,70.9920408460829
1640332800000,71.50627899169922
1640333400000,71.74517822265625
1640334000000,73.12385292053223
1640334600000,73.73433380126953
1640335200000,70.72779040866428
1640335800000,70.74881439208984
1640336400000,74.04512023925781
1640337000000,73.61095428466797
1640337600000,71.17153396606446
1640338200000,74.02199300130208
1640338800000,71.5120002746582
1640339400000,72.85455551147462
1640340000000,71.32245597839355
1640340600000,69.5385814666748
1640341200000,72.42933061387804
1640341800000,73.5540885925293
1640342400000,71.60248336791992
1640343000000,70.56176986694337
1640343600000,73.76795349121093
1640344200000,72.66099802652995
1640344800000,72.97865524291993
1640345400000,71.72300491333007
1640346000000,69.3776481628418
1640346600000,72.45329284667969
1640347200000,73.77244313557942
1640347800000,71.9096908569336
1640348400000,71.72193145751953
1640349000000,74.83977966308593
1640349600000,71.59425811767578
1640350200000,73.17249145507813
1640350800000,70.327638414171
1640351400000,69.87833099365234
1640352000000,73.89991989135743
1640352600000,72.78517532348633
1640353200000,70.53280258178711
1640353800000,72.94670783148871
1640354400000,71.2798973083496
1640355000000,74.04905395507812
1640355600000,72.07956428527832
1640356200000,69.32666439480252
1640356800000,72.6800308227539
1640357400000,74.32192687988281
1640358000000,72.6857536315918
1640358600000,71.88036422729492
1640359200000,69.30162896050348
1640359800000,71.77700805664062
1640360400000,73.20646820068359
1640361000000,71.50878295898437
1640361600000,70.03068542480469
1640362200000,71.67869991726346
1640362800000,74.30654754638672
1640363400000,72.2694694519043
1640364000000,71.29169921875
1640364600000,72.23513717651367
1640365200000,70.56367662217882
1640365800000,73.7082275390625
1640366400000,70.98520736694336
1640367000000,70.47164688110351
1640367600000,73.48613739013672
1640368200000,74.10949172973633
1640368800000,71.60280185275607
1640369400000,71.96369171142578
1640370000000,69.83970832824707
1640370600000,71.59068298339844
1640371200000,73.77283986409505
1640371800000,71.0824821472168
1640372400000,70.46842803955079
1640373000000,73.48578033447265
1640373600000,70.16408081054688
1640374200000,72.77480621337891
1640374800000,71.6433334350586
1640375400000,69.6848533630371
1640376000000,72.60206756591796
1640376600000,74.4120491027832
1640377200000,72.55664901733398
1640377800000,70.53705427381728
1640378400000,71.20372085571289
1640379000000,72.00160179138183
1640379600000,73.37205276489257
1640380200000,72.58383026123047
1640380800000,70.03278944227431
1640381400000,71.58352890014649
1640382000000,71.79417495727539
1640382600000,73.71931533813476
1640383200000,72.21117630004883
1640383800000,69.35686323377821
1640384400000,72.80520324707031
1640385000000,74.34731674194336
1640385600000,72.41180572509765
1640386200000,70.95159149169922
1640386800000,71.70941543579102
1640387400000,72.65225304497613
1640388000000,72.63461265563964
1640388600000,69.17701377868653
1640389200000,71.47802658081055
1640389800000,74.85765762329102
1640390400000,71.30715688069661
1640391000000,72.47153167724609
1640391600000,70.95910186767578
1640392200000,70.22702407836914
1640392800000,73.70536651611329
1640393400000,73.10963016086154
1640394000000,70.71948776245117
1640394600000,72.98473587036133
1640395200000,71.14828796386719
1640395800000,72.2312026977539
1640396400000,73.7545632256402
1640397000000,70.04355964660644
1640397600000,70.38617248535157
1640398200000,73.57769165039062
1640398800000,72.76192932128906
1640399400000,70.73450622558593
1640400000000,72.11938222249348
1640400600000,71.2484245300293
1640401200000,74.01579437255859
1640401800000,72.4246826171875
1640402400000,70.28352966308594
1640403000000,71.70055389404297
1640403600000,72.93037490844726
1640404200000,71.6099952697754
1640404800000,69.54108505249023
1640405400000,72.58346939086914
1640406000000,74.11163711547852
1640406600000,71.93420834011502
1640407200000,71.32782211303712
1640407800000,71.35750427246094
1640408400000,72.27233009338379
1640409000000,72.88173599243164
1640409600000,70.82316038343642
1640410200000,69.76567840576172
1640410800000,74.0808822631836
1640411400000,71.65469741821289
1640412000000,72.88988155788846
1640412600000,70.72520866394044
1640413200000,70.45555381774902
1640413800000,74.24431991577148
1640414400000,72.41609954833984
1640415000000,70.38009185791016
1640415600000,72.49251386854384
1640416200000,74.64129257202148
1640416800000,71.61178207397461
1640417400000,70.76168670654297
1640418000000,70.61899261474609
1640418600000,72.94503860473633
1640419200000,72.64470672607422
1640419800000,70.25456237792969
1640420400000,71.53167190551758
1640421000000,74.03260116577148
1640421600000,73.92281036376953
1640422200000,70.53148990207248
1640422800000,71.29742126464843
1640423400000,71.57244186401367
1640424000000,73.24831161499023
1640424600000,73.03444595336914
1640425200000,68.83352830674913
1640425800000,72.77122955322265
1640426400000,73.9871826171875
1640427000000,71.48374710083007
1640427600000,70.83857955932618
1640428200000,71.95940017700195
1640428800000,70.82315868801541
1640429400000,73.11205215454102
1640430000000,71.6099925994873
1640430600000,70.56391525268555
1640431200000,71.40971755981445
1640431800000,74.10027313232422
1640432400000,71.50377655029297
1640433000000,72.17434005737304
1640433600000,70.21593894958497
1640434200000,71.38647232055663
1640434800000,73.89884719848632
1640435400000,72.12137010362413
1640436000000,70.78457489013672
1640436600000,73.69177780151367
1640437200000,72.69433822631837
1640437800000,72.31381530761719
1640438400000,72.14143600463868
1640439000000,68.59510464138455
1640439600000,72.08707580566406
1640440200000,73.10132522583008
1640440800000,71.53596572875976
1640441400000,70.72341918945312
1640442000000,73.5987922668457
1640442600000,71.50484695434571
1640443200000,73.32234115600586
1640443800000,70.5080443488227
1640444400000,69.2467544555664
1640445000000,73.18179092407226
1640445600000,73.0548324584961
1640446200000,71.59533081054687
1640446800000,71.49948654174804
1640447400000,70.459962632921
1640448000000,73.46718292236328
1640448600000,71.41472511291504
1640449200000,69.74600677490234
1640449800000,72.89318161010742
1640450400000,74.4610858493381
1640451000000,70.9215476989746
1640451600000,72.00660858154296
1640452200000,69.94950256347656
1640452800000,73.26905517578125
1640453400000,73.52261428833008
1640454000000,70.19730207655165
1640454600000,71.00309143066406
1640455200000,73.81873626708985
1640455800000,72.53590698242188
1640456400000,70.76991348266601
1640457000000,73.92702060275607
1640457600000,71.2409164428711
1640458200000,73.09774703979492
1640458800000,71.4190185546875
1640459400000,69.56361618041993
1640460000000,72.52907138400607
1640460600000,73.57018203735352
1640461200000,72.00732421875
1640461800000,70.64152221679687
1640462400000,72.63032150268555
1640463000000,72.8211407131619
1640463600000,73.07235565185547
1640464200000,70.93120422363282
1640464800000,70.1962677001953
1640465400000,72.65463790893554
1640466000000,74.62448501586914
1640466600000,71.22172376844618
1640467200000,72.26160278320313
1640467800000,71.23126068115235
1640468400000,70.3536262512207
1640469000000,73.4653923034668
1640469600000,72.64788564046223
1640470200000,71.21445083618164
1640470800000,74.4116928100586
1640471400000,71.43547058105469
1640472000000,72.9657814025879
1640472600000,71.80585776435004
1640473200000,69.91695632934571
1640473800000,72.02914123535156
1640474400000,74.48786849975586
1640475000000,73.07879333496093
1640475600000,70.32883199055989
1640476200000,71.70798416137696
1640476800000,71.43332214355469
1640477400000,73.22148971557617
1640478000000,71.64575538635253
1640478600000,68.66663191053603
1640479200000,72.72330703735352
1640479800000,73.61917648315429
1640480400000,72.16325225830079
1640481000000,70.94694137573242
1640481600000,71.81261274549696
1640482200000,72.09995040893554
1640482800000,73.7987075805664
1640483400000,71.23268928527833
1640484000000,69.28358917236328
1640484600000,75.522462632921
1640485200000,71.09750518798828
1640485800000,73.26547622680664
1640486400000,72.21367645263672
1640487000000,69.83291244506836
1640487600000,72.64391157362196
1640488200000,73.71108932495117
1640488800000,71.73659591674804
1640489400000,70.98914108276367
1640490000000,73.4739776611328
1640490600000,71.92904324001736
1640491200000,73.42891693115234
1640491800000,70.44482460021973
1640492400000,69.85544509887696
1640493000000,72.5920539855957
1640493600000,75.23953331841363
1640494200000,71.61428451538086
1640494800000,71.08463134765626
1640495400000,71.77736587524414
1640496000000,71.81169929504395
1640496600000,74.0180172390408
1640497200000,71.4465545654297
1640497800000,70.86647338867188
1640498400000,72.9747200012207
1640499000000,69.96881408691407
1640499600000,74.10663265652127
1640500200000,71.05101127624512
1640500800000,69.81538772583008
1640501400000,72.24944229125977
1640502000000,73.94104614257813
1640502600000,71.21576266818576
1640503200000,72.67395324707032
1640503800000,70.07538833618165
1640504400000,71.1858413696289
1640505000000,73.58734893798828
1640505600000,73.75257364908855
1640506200000,69.78534774780273
1640506800000,73.75543594360352
1640507400000,74.91202087402344
1640508000000,71.53953704833984
1640508600000,72.05345840454102
1640509200000,70.29267035590277
1640509800000,72.82237014770507
1640510400000,73.67782821655274
1640511000000,71.9869369506836
1640511600000,71.01167297363281
1640512200000,74.2914081149631
1640512800000,71.45585327148437
1640513400000,72.9672119140625
1640514000000,70.05178527832031
1640514600000,69.63120651245117
1640515200000,73.5721672905816
1640515800000,73.63920364379882
1640516400000,71.1379165649414
1640517000000,72.18256149291992
1640517600000,70.98699722290038
1640518200000,71.41842142740886
1640518800000,73.53084106445313
1640519400000,72.21797027587891
1640520000000,71.01238708496093
1640520600000,71.7941764831543
1640521200000,69.86549928453233
1640521800000,74.299755859375
1640522400000,72.15216484069825
1640523000000,70.36578712463378
1640523600000,69.86581497192383
1640524200000,73.11348266601563
1640524800000,73.06711069742839
1640525400000,71.02383193969726
1640526000000,72.32096786499024
1640526600000,70.79065437316895
1640527200000,70.32179794311523
1640527800000,74.09510718451605
1640528400000,70.20842666625977
1640529000000,72.94181900024414
1640529600000,70.6579746246338
1640530200000,70.50844234890408
1640530800000,74.38272476196289
1640531400000,72.30702209472656
1640532000000,71.33747711181641
1640532600000,71.58531875610352
1640533200000,71.18755001491971
1640533800000,72.6603614807129
1640534400000,73.72861099243164
1640535000000,72.14536972045899
1640535600000,70.47414932250976
1640536200000,75.2605955335829
1640536800000,71.13577117919922
1640537400000,73.03051147460937
1640538000000,71.94724044799804
1640538600000,70.29139976501465
1640539200000,71.18619766235352
1640539800000,74.80361938476562
1640540400000,72.45722732543945
1640541000000,71.4519172668457
1640541600000,71.85604476928711
1640542200000,70.7460700141059
1640542800000,72.93824272155761
1640543400000,72.96256256103516
1640544000000,71.199072265625
1640544600000,71.65648498535157
1640545200000,75.09449428982205
1640545800000,71.71549606323242
1640546400000,72.3331283569336
1640547000000,69.78177070617676
1640547600000,69.96237640380859
1640548200000,74.2997538248698
1640548800000,72.39678573608398
1640549400000,70.54424514770508
1640550000000,72.97579345703124
1640550600000,70.28567581176758
1640551200000,73.84770355224609
1640551800000,70.84899054633246
1640552400000,70.26636276245117
1640553000000,74.01293258666992
1640553600000,72.8327407836914
1640554200000,71.79846649169922
1640554800000,71.14145406087239
1640555400000,74.85730438232422
1640556000000,71.77772216796875
1640556600000,72.6961280822754
1640557200000,71.78094329833985
1640557800000,68.7682373046875
1640558400000,74.5775163438585
1640559000000,72.70899887084961
1640559600000,70.91761474609375
1640560200000,72.23549270629883
1640560800000,69.8407814025879
1640561400000,73.57892354329427
1640562000000,72.46473770141601
1640562600000,71.37467041015626
1640563200000,71.23447875976562
1640563800000,72.78410339355469
1640564400000,72.89703453911676
1640565000000,73.35381393432617
1640565600000,69.22386322021484
1640566200000,71.28848037719726
1640566800000,72.53983840942382
1640567400000,73.21969943576389
1640568000000,70.90939102172851
1640568600000,70.52851028442383
1640569200000,74.44996032714843
1640569800000,71.03062744140625
1640570400000,73.82966783311632
1640571000000,71.24055709838868
1640571600000,69.80573348999023
1640572200000,73.04946746826172
1640572800000,73.19502334594726
1640573400000,72.41383361816406
1640574000000,71.71692504882813
1640574600000,69.04755058288575
1640575200000,72.85026779174805
1640575800000,74.26470565795898
1640576400000,71.35607452392578
1640577000000,71.82095760769315
1640577600000,69.91588478088379
1640578200000,71.46550827026367
1640578800000,73.61417160034179
1640579400000,72.00911178588868
1640580000000,68.4274164835612
1640580600000,73.53012619018554
1640581200000,72.45079193115234
1640581800000,71.0814109802246
1640582400000,71.4572853088379
1640583000000,71.55956802368163
1640583600000,72.64426612854004
1640584200000,73.90476820203993
1640584800000,70.61040878295898
1640585400000,70.79387283325195
1640586000000,74.02473297119141
1640586600000,74.02473297119141
1640587200000,70.51321156819661
1640587800000,71.79632110595703
1640588400000,71.96726989746094
1640589000000,73.35559997558593
1640589600000,72.30952529907226
1640590200000,70.48773956298828
1640590800000,71.60558149549696
1640591400000,73.20217742919922
1640592000000,72.36138229370117
1640592600000,72.22547988891601
1640593200000,70.16336555480957
1640593800000,69.84682040744357
1640594400000,73.32556076049805
1640595000000,70.79888000488282
1640595600000,70.03533248901367
1640596200000,72.5219596862793
1640596800000,73.36704483032227
1640597400000,72.21474965413411
1640598000000,72.0627555847168
1640598600000,69.48815460205078
1640599200000,71.01846809387207
1640599800000,73.78516133626302
1640600400000,71.60641860961914
1640601000000,70.4087013244629
1640601600000,73.30946731567383
1640602200000,74.72104415893554
1640602800000,71.27854665120442
1640603400000,71.41293716430664
1640604000000,69.90336723327637
1640604600000,72.97007293701172
1640605200000,73.0201416015625
1640605800000,71.35206095377605
1640606400000,71.47552490234375
1640607000000,74.7078140258789
1640607600000,71.62787475585938
1640608200000,72.31059646606445
1640608800000,69.15301259358723
1640609400000,69.70845603942871
1640610000000,73.37312316894531
1640610600000,71.90182228088379
1640611200000,70.28817939758301
1640611800000,69.93106248643663
1640612400000,73.30088424682617
1640613000000,72.44757080078125
1640613600000,70.70768508911132
1640614200000,73.1260009765625
1640614800000,72.044676038954
1640615400000,73.22757110595703
1640616000000,71.5799503326416
1640616600000,68.91272315979003
1640617200000,74.27078475952149
1640617800000,72.14004686143663
1640618400000,71.87070770263672
1640619000000,71.77378845214844
1640619600000,70.15764427185059
1640620200000,71.78916634453668
1640620800000,73.06699066162109
1640621400000,71.90861740112305
1640622000000,70.79959640502929
1640622600000,73.72145919799804
1640623200000,71.24806900024414
1640623800000,73.52925279405382
1640624400000,68.03330154418946
1640625000000,71.2541488647461
1640625600000,74.49037322998046
1640626200000,72.03712463378906
1640626800000,71.32138214111328
1640627400000,71.74517974853515
1640628000000,70.15514068603515
1640628600000,73.37098007202148
1640629200000,72.64570083618165
1640629800000,70.12378777398004
1640630400000,72.3427833557129
1640631000000,74.90164947509766
1640631600000,70.89401092529297
1640632200000,71.47123069763184
1640632800000,69.30111427307129
1640633400000,70.9515118069119
1640634000000,73.27477493286133
1640634600000,72.20938568115234
1640635200000,70.71591110229492
1640635800000,73.81138441297743
1640636400000,73.75650939941406
1640637000000,71.56063842773438
1640637600000,72.00839767456054
1640638200000,70.39010543823242
1640638800000,71.45577409532335
1640639400000,72.445068359375
1640640000000,71.46443634033203
1640640600000,70.53924026489258
1640641200000,73.45752868652343
1640641800000,72.27077907986111
1640642400000,73.29587860107422
1640643000000,71.78451995849609
1640643600000,69.59544525146484
1640644200000,72.82523040771484
1640644800000,74.0376091003418
1640645400000,71.38543955485027
1640646000000,71.03455963134766
1640646600000,70.45054626464844
1640647200000,72.00660972595215
1640647800000,73.42077043321397
1640648400000,70.50562133789063
1640649000000,69.88691635131836
1640649600000,73.42033233642579
1640650200000,73.35416946411132
1640650800000,70.72342003716363
1640651400000,72.91571273803712
1640652000000,71.35929260253906
1640652600000,73.16677398681641
1640653200000,73.55110846625433
1640653800000,68.74177474975586
1640654400000,72.3238311767578
1640655000000,74.98784027099609
1640655600000,72.8842399597168
1640656200000,70.82963714599609
1640656800000,72.73530578613281
1640657400000,72.04594802856445
1640658000000,73.19645462036132
1640658600000,72.35816230773926
1640659200000,70.15692939758301
1640659800000,71.32344902886285
1640660400000,74.16242218017578
1640661000000,72.15109252929688
1640661600000,70.95874328613282
1640662200000,71.87356948852539
1640662800000,71.73353491889105
1640663400000,74.10412902832032
1640664000000,71.67651329040527
1640664600000,70.00457801818848
1640665200000,71.10179595947265
1640665800000,74.89859178331163
1640666400000,72.95218963623047
1640667000000,71.13326797485351
1640667600000,71.83637619018555
1640668200000,71.58531528049045
1640668800000,72.64569854736328
1640669400000,70.81568984985351
1640670000000,70.82463226318359
1640670600000,73.78368606567383
1640671200000,72.12057579888238
1640671800000,72.71508102416992
1640672400000,70.96661071777343
1640673000000,69.43129196166993
1640673600000,72.1940086364746
1640674200000,73.76223068237304
1640674800000,71.15973493787978
1640675400000,72.36531295776368
1640676000000,68.73247604370117
1640676600000,71.27810897827149
1640677200000,72.30201263427735
1640677800000,73.48792690700955
1640678400000,71.57852249145508
1640679000000,70.86969223022462
1640679600000,71.94438171386719
1640680200000,71.95439453125
1640680800000,74.28862762451172
1640681400000,71.17868881225586
1640682000000,69.66661376953125
1640682600000,71.40185165405273
1640683200000,70.91547088623047
1640683800000,74.83938429090712
1640684400000,71.2748924255371
1640685000000,69.59687461853028
1640685600000,72.58025131225585
1640686200000,73.9647708468967
1640686800000,71.29026718139649
1640687400000,71.11181030273437
1640688000000,74.51719512939454
1640688600000,71.41079254150391
1640689200000,72.95028262668185
1640689800000,70.41549835205078
1640690400000,69.08653335571289
1640691000000,73.40280990600586
1640691600000,72.02413177490234
1640692200000,71.05101165771484
1640692800000,74.47459750705295
1640693400000,71.41544113159179
1640694000000,73.53262939453126
1640694600000,71.27202949523925
1640695200000,69.20665825737848
1640695800000,72.46795425415038
1640696400000,74.97210388183593
1640697000000,72.36388397216797
1640697600000,70.98127212524415
1640698200000,70.24140930175781
1640698800000,72.94825820922851
1640699400000,72.04844932556152
1640700000000,70.52850875854492
1640700600000,70.37937774658204
1640701200000,75.1759541829427
1640701800000,70.88971786499023
1640702400000,73.34200973510742
1640703000000,71.85747680664062
1640703600000,70.04141349792481
1640704200000,71.96679348415799
1640704800000,73.17678375244141
1640705400000,70.41371002197266
1640706000000,71.18476638793945
1640706600000,74.0304557800293
1640707200000,71.51895565456815
1640707800000,72.65142059326172
1640708400000,71.18083267211914
1640709000000,69.39373970031738
1640709600000,72.23764076232911
1640710200000,73.46527608235677
1640710800000,71.47731094360351
1640711400000,70.61541595458985
1640712000000,73.70000076293945
1640712600000,70.71483840942383
1640713200000,73.4460823059082
1640713800000,69.40414937337239
1640714400000,70.47522239685058
1640715000000,73.55337295532226
1640715600000,72.11211013793945
1640716200000,69.99420547485352
1640716800000,71.14149169921875
1640717400000,74.08676317003038
1640718000000,72.77266006469726
1640718600000,70.87505645751953
1640719200000,72.04022521972657
1640719800000,69.96702499389649
1640720400000,74.73884752061632
1640721000000,72.40358200073243
1640721600000,70.97519454956054
1640722200000,70.82427215576172
1640722800000,71.57709045410157
1640723400000,73.27906875610351
1640724000000,72.42456266615126
1640724600000,70.30820693969727
1640725200000,71.53202972412109
1640725800000,74.78684844970704
1640726400000,72.34206924438476
1640727000000,70.94157409667969
1640727600000,69.95021743774414
1640728200000,71.57887954711914
1640728800000,73.54514617919922
1640729400000,71.71692504882813
1640730000000,69.79794396294488
1640730600000,72.93895721435547
1640731200000,74.81689147949218
1640731800000,71.29706420898438
1640732400000,72.04773788452148
1640733000000,69.41964891221788
1640733600000,71.32925262451172
1640734200000,73.73397750854492
1640734800000,71.35142669677734
1640735400000,70.91582870483398
1640736000000,74.62956831190321
1640736600000,71.51808166503906
1640737200000,72.91607055664062
1640737800000,70.2109317779541
1640738400000,69.48171806335449
1640739000000,73.82290988498264
1640739600000,71.98336257934571
1640740200000,70.61434173583984
1640740800000,71.10215301513672
1640741400000,74.84371185302734
1640742000000,71.08701409233942
1640742600000,70.89973449707031
1640743200000,69.68628311157227
1640743800000,72.5713119506836
1640744400000,73.52190246582032
1640745000000,72.46867218017579
1640745600000,70.18101162380643
1640746200000,72.01411819458008
1640746800000,71.43332366943359
1640747400000,73.38600234985351
1640748000000,71.50520553588868
1640748600000,68.67934714423285
1640749200000,71.51557693481445
1640749800000,74.97103118896484
1640750400000,71.27918090820313
1640751000000,72.01697998046875
1640751600000,69.94775348239475
1640752200000,71.86105079650879
1640752800000,73.85592956542969
1640753400000,71.67901840209962
1640754000000,70.10364151000977
1640754600000,73.52289411756728
1640755200000,74.49967041015626
1640755800000,71.2952751159668
1640756400000,71.68545303344726
1640757000000,68.60193901062011
1640757600000,73.98106214735243
1640758200000,72.34564437866212
1640758800000,70.40763244628906
1640759400000,70.79530487060546
1640760000000,74.30869140625
1640760600000,72.46549224853516
1640761200000,70.6976692199707
1640761800000,71.75161514282226
1640762400000,71.04564971923828
1640763000000,72.7104320526123
1640763600000,73.13744269476996
1640764200000,69.93948898315429
1640764800000,72.89532699584962
1640765400000,71.28633651733398
1640766000000,72.89747314453125
1640766600000,72.75191879272461
1640767200000,69.45580969916449
1640767800000,71.4830337524414
1640768400000,73.64170913696289
1640769000000,72.98330535888672
1640769600000,70.54996795654297
1640770200000,71.81658511691623
1640770800000,71.8292221069336
1640771400000,73.59092407226562
1640772000000,70.23560905456543
1640772600000,69.52034149169921
1640773200000,73.64568159315321
1640773800000,72.999755859375
1640774400000,71.4529930114746
1640775000000,71.1583023071289
1640775600000,74.44530944824218
1640776200000,71.52253299289279
1640776800000,72.67717056274414
1640777400000,71.08570289611816
1640778000000,69.53178634643555
1640778600000,72.58347015380859
1640779200000,73.38182830810547
1640779800000,70.68336486816406
1640780400000,72.46616821289062
1640781000000,71.30493240356445
1640781600000,72.59813232421875
1640782200000,72.83067576090495
1640782800000,69.73492088317872
1640783400000,70.70661010742188
1640784000000,73.62454223632812
1640784600000,73.68140487670898
1640785200000,71.42438125610352
1640785800000,70.82037777370877
1640786400000,69.63764610290528
1640787000000,72.84847488403321
1640787600000,73.46503601074218
1640788200000,70.90366668701172
1640788800000,69.91238742404514
1640789400000,73.61846237182617
1640790000000,73.6477882385254
1640790600000,71.34427261352539
1640791200000,71.84746017456055
1640791800000,70.84573135375976
1640792400000,70.84700266520183
1640793000000,73.64635696411133
1640793600000,71.12361221313476
1640794200000,72.43040466308594
1640794800000,69.98240203857422
1640795400000,70.0649791293674
1640796000000,73.6517219543457
1640796600000,71.68116073608398
1640797200000,70.298193359375
1640797800000,71.14507217407227
1640798400000,75.3182127210829
1640799000000,71.10680313110352
1640799600000,72.87422637939453
1640800200000,70.5714267730713
1640800800000,69.95486679077149
1640801400000,74.5937271118164
1640802000000,72.6848407321506
1640802600000,70.59145584106446
1640803200000,71.50985641479492
1640803800000,71.39612846374511
1640804400000,74.05020395914714
1640805000000,71.58424301147461
1640805600000,70.21450881958008
1640806200000,71.51951293945312
1640806800000,75.19705429077149
1640807400000,73.0055168999566
1640808000000,71.4347526550293
1640808600000,69.90157661437988
1640809200000,72.22583618164063
1640809800000,73.67639846801758
1640810400000,71.50377655029297
1640811000000,69.6358176337348
1640811600000,73.31626205444336
1640812200000,70.78994064331054
1640812800000,73.59235305786133
1640813400000,71.48696861267089
1640814000000,68.69206280178494
1640814600000,71.68080139160156
1640815200000,74.01328887939454
1640815800000,72.67967529296875
1640816400000,71.55312957763672
1640817000000,71.06281509399415
1640817600000,72.08878411187067
1640818200000,73.60057983398437
1640818800000,72.40143661499023
1640819400000,71.08999328613281
1640820000000,71.10171678331163
1640820600000,71.78451919555664
1640821200000,73.03837966918945
1640821800000,73.26690979003907
1640822400000,71.76484985351563
1640823000000,70.54380798339844
1640823600000,75.00250091552735
1640824200000,71.35035247802735
1640824800000,72.80413131713867
1640825400000,70.07002601623535
1640826000000,69.31156243218317
1640826600000,73.38993453979492
1640827200000,72.5870491027832
1640827800000,70.81819305419921
1640828400000,70.88936157226563
1640829000000,74.73606491088867
1640829600000,71.47365315755208
1640830200000,72.9815170288086
1640830800000,69.8808364868164
1640831400000,70.6204216003418
1640832000000,75.0464104546441
1640832600000,72.52338790893555
1640833200000,71.68044738769531
1640833800000,71.54383163452148
1640834400000,71.85246810913085
1640835000000,72.82272805107965
1640835600000,73.20861358642578
1640836200000,71.46837005615234
1640836800000,71.29742050170898
1640837400000,73.61989212036133
1640838000000,70.75131683349609
1640838600000,73.79429880777995
1640839200000,71.13469848632812
1640839800000,70.42372360229493
1640840400000,72.65320739746093
1640841000000,71.77128601074219
1640841600000,73.03587799072265
1640842200000,72.50014266967773
1640842800000,70.50741043090821
1640843400000,71.01346130371094
1640844000000,74.43167961968317
1640844600000,73.19252090454101
1640845200000,69.89442749023438
1640845800000,73.27727813720703
1640846400000,70.67692642211914
1640847000000,74.30611250135634
1640847600000,71.32209777832031
1640848200000,69.70345001220703
1640848800000,71.97800064086914
1640849400000,73.28085556030274
1640850000000,72.34866417778863
1640850600000,70.71769943237305
1640851200000,72.2769790649414
1640851800000,71.57709045410157
1640852400000,73.81980895996094
1640853000000,71.61472490098741
1640853600000,69.56790771484376
1640854200000,72.0373634338379
1640854800000,73.86952133178711
1640855400000,73.5286964416504
1640856000000,69.26427568708148

