Time,Feed (lpm),Recycle (lpm),Concentrate (lpm),Permeate (lpm),Membrane Feed (psig),Concentrate (psig),Permeate (psig),Feed (ppm),Concentrate (ppm),Permeate (ppm),Permeate Temp (C)
 2021-03-29 11:11:05,0,0,0,0,1.89,2.59,-1.56,341.9,369.11,2.61,20.5
 2021-03-29 11:11:10,0,0,0,0,1.89,2.59,-1.56,341.96,369.47,2.61,20.5
 2021-03-29 11:11:15,0,0,0,0,1.89,2.59,-1.56,342.02,369.29,2.61,20.5
 2021-03-29 11:11:20,0,0,0,0,1.89,2.59,-1.56,342.26,369.43,2.61,20.5
 2021-03-29 11:11:25,0,0,0,0,1.89,2.59,-1.56,342.32,369.05,2.61,20.5
 2021-03-29 11:11:30,0,0,0,0,1.89,2.59,-1.56,342.16,368.8,2.61,20.5
 2021-03-29 11:11:35,0,0,0,0,1.89,2.59,-1.56,342.16,369.11,2.61,20.5
 2021-03-29 11:11:40,0,0,0,0,1.89,2.59,-1.56,342.2,369.05,2.61,20.5
 2021-03-29 11:11:45,0,0,0,0,1.89,2.59,-1.56,342.2,368.99,2.61,20.5
 2021-03-29 11:11:50,0,0,0,0,1.89,2.58,-1.54,342.38,368.76,2.61,20.5
 2021-03-29 11:11:55,0,0,0,0,1.89,2.58,-1.54,342.14,368.76,2.61,20.5
 2021-03-29 11:12:00,0,0,0,0,1.89,2.58,-1.54,342.2,368.76,2.61,20.5
 2021-03-29 11:12:05,0,0,0,0,1.89,2.58,-1.54,342.08,368.88,2.61,20.52
 2021-03-29 11:12:10,0,0,0,0,1.89,2.58,-1.54,342.36,368.76,2.61,20.52
 2021-03-29 11:12:15,2.38,0,0.68,0.5,36.95,24.66,0.02,338.63,370.3,2.61,20.52
 2021-03-29 11:12:20,4.55,0,3.28,0.35,27.56,26.13,-0.03,336.8,364.79,1.45,20.72
 2021-03-29 11:12:25,4.55,0,4.29,0.35,28.1,26.59,-0.42,333.92,364.77,0.89,20.2
 2021-03-29 11:12:30,4.55,0,4.29,0.65,27.59,26.25,-1.37,337.04,369.99,1.99,19.58
 2021-03-29 11:12:35,4.26,0,4.34,1.32,25.6,25.14,-1.29,338.75,372.92,7.65,19.17
 2021-03-29 11:12:40,4.95,0,4.34,0.32,26.34,25.32,-0.92,340.45,376.89,6.48,18.76
 2021-03-29 11:12:45,4.95,0,4.34,0.33,27.75,26.33,-0.48,340.45,377.51,6.48,18.41
 2021-03-29 11:12:50,4.95,0,4.34,0.45,27.75,26.33,-0.32,340.06,375.9,6.48,17.97
 2021-03-29 11:12:55,4.95,0,4.34,0.45,27.48,26.33,-0.99,340.11,374.53,6.48,17.58
 2021-03-29 11:13:00,4.95,0,4.34,0.45,27.75,26.39,-1.19,340.29,373.28,6.48,17.38
 2021-03-29 11:13:05,4.95,0,4.34,0.45,27.48,26.32,-1.19,340.83,372.21,6.48,17.38
 2021-03-29 11:13:10,4.71,0,4.35,0.45,25.79,25.18,-1.19,342.4,371.46,6.48,17.38
 2021-03-29 11:13:15,4.71,0,4.35,0.45,28.33,25.97,-1.19,343.33,371.61,6.48,17.38
 2021-03-29 11:13:20,4.89,0,4.35,0.45,27.65,26.43,-1.19,344.46,371.2,6.48,17.38
 2021-03-29 11:13:25,4.89,0,4.35,0.45,27.74,26.43,-1.19,345.3,370.9,6.48,17.38
 2021-03-29 11:13:30,4.89,0,4.35,0.45,28.3,26.89,-1.19,345.97,371.55,6.48,17.38
 2021-03-29 11:13:35,6.09,0,4.7,0.45,42.21,34.47,-0.86,346.66,371.73,6.48,17.38
 2021-03-29 11:13:40,6.09,0,5.26,0.72,42.02,38.68,-0.98,346.68,373.4,6.21,17.38
 2021-03-29 11:13:45,6.09,0,5.26,0.72,42.32,39.77,-0.98,345.95,378.82,6.21,17.38
 2021-03-29 11:13:50,6.09,0,5.26,0.72,42.09,39.77,-0.98,345.77,381.82,6.21,17.38
 2021-03-29 11:13:55,6.09,0,5.26,0.72,42.09,39.77,-0.98,346.84,384.83,6.21,17.38
 2021-03-29 11:14:00,6.09,0,5.26,0.72,42.09,39.77,-0.98,346.13,387.18,6.21,16.16
 2021-03-29 11:14:05,6.09,0,5.26,0.72,42.09,39.77,-0.98,345.83,387.75,6.21,16.16
 2021-03-29 11:14:10,6.09,0,5.26,0.72,42.09,39.77,-0.98,345.06,389.4,6.21,16.16
 2021-03-29 11:14:15,6.09,0,5.26,0.72,41.27,39.2,-0.98,344.82,389.12,6.21,16.16
 2021-03-29 11:14:20,6.09,0,5.26,0.72,40.34,38.36,-0.98,344.98,389.32,6.21,16.16
 2021-03-29 11:14:25,6.09,0,5.26,0.72,40.34,37.99,-0.98,344.34,389.72,6.21,16.16
 2021-03-29 11:14:30,6.09,0,5.26,0.72,40.34,37.99,-0.98,344.18,389.8,6.21,16.16
 2021-03-29 11:14:35,6.09,0,5.26,0.72,40.34,37.99,-0.98,344.28,388.88,6.21,17.07
 2021-03-29 11:14:40,6.09,0,5.4,0.64,40.34,37.99,-0.89,344.16,389.08,6.22,17.07
 2021-03-29 11:14:45,6.09,0,5.4,0.64,40.34,37.99,-0.89,343.87,388.47,6.22,17.07
 2021-03-29 11:14:50,6.09,0,5.4,0.64,40.03,37.99,-0.89,344.38,388.13,6.22,17.07
 2021-03-29 11:14:55,6.09,0,5.4,0.64,40.03,37.99,-0.89,343.75,387.57,6.22,17.07
 2021-03-29 11:15:00,6.09,0,5.4,0.64,40.31,37.99,-0.89,343.95,387.26,6.22,17.07
 2021-03-29 11:15:05,6.09,0,5.4,0.64,40.31,37.99,-0.89,343.63,387.1,6.22,17.07
 2021-03-29 11:15:10,6.09,0,5.4,0.64,40.05,37.89,-0.89,343.51,387.1,6.22,17.07
 2021-03-29 11:15:15,6.09,0,5.4,0.64,40.03,37.89,-0.89,343.99,387.04,6.22,17.07
 2021-03-29 11:15:20,6.09,0,5.4,0.64,40.04,37.89,-0.89,344.4,386.56,6.22,17.07
 2021-03-29 11:15:25,6.09,0,5.4,0.64,40.31,37.95,-0.89,345,386.26,6.22,17.07
 2021-03-29 11:15:30,6.09,0,5.4,0.64,40.15,37.95,-0.89,344.82,386.38,6.22,17.07
 2021-03-29 11:15:35,6.07,0,5.4,0.64,40.15,37.95,-0.89,345.41,387.1,6.22,18.51
 2021-03-29 11:15:40,6.07,0,5.4,0.72,40.15,37.95,-0.92,344.58,386.68,6.35,18.51
 2021-03-29 11:15:45,6.07,0,5.4,0.72,40.15,37.95,-0.92,344.52,387.22,6.35,18.51
 2021-03-29 11:15:50,6.07,0,5.4,0.72,40.06,37.95,-0.92,345.22,386.98,6.35,18.51
 2021-03-29 11:15:55,6.07,0,5.4,0.72,40.06,37.95,-0.92,345.47,387.51,6.35,18.51
 2021-03-29 11:16:00,6.07,0,5.4,0.72,40.06,37.95,-0.92,345.22,387.06,2.55,18.51
 2021-03-29 11:16:05,6.07,0,5.4,0.72,40.09,37.95,-0.92,344.82,387.75,2.55,18.51
 2021-03-29 11:16:10,6.07,0,5.4,0.72,39.33,36.97,-0.92,344.86,387.81,2.02,18.51
 2021-03-29 11:16:15,6,0,5.4,0.72,38.75,36.71,-0.92,344.58,388.64,2.02,18.51
 2021-03-29 11:16:20,6,0,5.4,0.72,39.44,37.2,-0.92,344.1,388.29,2.02,18.51
 2021-03-29 11:16:25,6,0,5.4,0.72,39.96,37.66,-0.92,343.69,387.75,2.02,18.51
 2021-03-29 11:16:30,6.14,0,5.4,0.72,39.91,37.81,-0.92,343.35,387.53,2.02,18.51
 2021-03-29 11:16:35,6.14,0,5.4,0.72,40.09,37.81,-0.92,343.09,387.87,2.02,18.51
 2021-03-29 11:16:40,6.14,0,5.4,0.73,40.31,37.93,-0.9,342.95,387.99,2.02,18.78
 2021-03-29 11:16:45,6.14,0,5.41,0.73,40.31,37.93,-0.9,342.85,387.57,1.88,18.78
 2021-03-29 11:16:50,6.14,0,5.41,0.73,39.97,37.93,-0.9,341.84,387.57,1.88,18.78
 2021-03-29 11:16:55,6.14,0,5.41,0.73,40.03,37.77,-0.9,341.96,387.22,2.18,18.78
 2021-03-29 11:17:00,6.14,0,5.41,0.73,40.25,38.01,-0.9,340.89,387.22,2.18,18.78
 2021-03-29 11:17:05,6.14,0,5.41,0.73,40.25,38.01,-0.9,341.25,386.38,2.18,18.78
 2021-03-29 11:17:10,6.14,0,5.41,0.73,40.15,38.01,-0.9,340.97,385.07,2.07,18.78
 2021-03-29 11:17:15,6.14,0,5.41,0.73,40.15,38.01,-0.9,340.53,385.25,2.07,18.78
 2021-03-29 11:17:20,6.14,0,5.41,0.73,40.15,38.01,-0.9,340.35,384.4,2.07,18.78
 2021-03-29 11:17:25,6.14,0,5.41,0.73,40.15,38.01,-0.9,340.23,384.42,2.07,18.78
 2021-03-29 11:17:30,6.01,0,5.41,0.73,40.15,38.01,-0.9,340.25,383.52,2.07,18.78
 2021-03-29 11:17:35,6.01,0,5.41,0.73,40.15,38.01,-0.9,340.06,382.03,2.07,18.78
 2021-03-29 11:17:40,5.97,0,5.41,0.66,40.15,38.01,-0.99,339.94,382.13,2.07,18.59
 2021-03-29 11:17:45,5.97,0,5.41,0.66,40.15,38.01,-0.99,340.11,381.68,1.75,18.59
 2021-03-29 11:17:50,5.97,0,5.41,0.66,40.15,38.01,-0.99,340.49,380.94,1.75,18.59
 2021-03-29 11:17:55,5.97,0,5.41,0.66,40.49,38.01,-0.99,340.11,380.67,1.75,18.59
 2021-03-29 11:18:00,5.97,0,5.41,0.66,40.55,38.31,-0.99,340,380.25,1.68,18.59
 2021-03-29 11:18:05,5.94,0,5.41,0.66,40.32,38.17,-0.99,340,380.43,1.83,18.59
 2021-03-29 11:18:10,6.07,0,5.41,0.66,40.66,38.35,-0.99,339.58,379.99,1.83,18.59
 2021-03-29 11:18:15,6.07,0,5.41,0.66,40.66,38.35,-0.99,340.06,379.95,1.83,18.59
 2021-03-29 11:18:20,6.07,0,5.41,0.66,40.35,38.17,-0.99,340.23,379.12,1.83,18.59
 2021-03-29 11:18:25,6.07,0,5.41,0.66,40.55,38.26,-0.99,339.58,379.41,1.83,18.59
 2021-03-29 11:18:30,6.07,0,5.41,0.66,40.55,38.38,-0.99,340.17,379.51,1.83,18.59
 2021-03-29 11:18:35,6.07,0,5.41,0.66,40.55,38.38,-0.99,340.65,379.3,1.83,18.59
 2021-03-29 11:18:40,5.95,0,5.41,0.64,40.5,38.25,-1.02,340.59,379.75,1.83,16.38
 2021-03-29 11:18:45,5.95,0,5.41,0.64,40.55,38.25,-1.02,341.25,379.18,1.83,16.38
 2021-03-29 11:18:50,5.95,0,5.4,0.64,40.55,38.25,-1.02,340.59,379.12,1.83,16.38
 2021-03-29 11:18:55,5.95,0,5.4,0.64,40.61,38.25,-1.02,340.47,379.47,1.83,16.38
 2021-03-29 11:19:00,5.95,0,5.4,0.64,40.52,38.29,-1.02,340.93,379.12,1.83,16.38
 2021-03-29 11:19:05,5.95,0,5.4,0.64,40.8,38.41,-1.02,341.07,379.77,1.74,16.38
 2021-03-29 11:19:10,5.95,0,5.4,0.64,40.8,38.41,-1.02,341.25,379.43,1.74,16.38
 2021-03-29 11:19:15,5.95,0,5.4,0.64,40.8,38.41,-1.02,341.13,379.36,1.74,16.38
 2021-03-29 11:19:20,5.95,0,5.4,0.64,40.63,38.35,-1.02,341.52,379.89,1.74,16.38
 2021-03-29 11:19:25,5.95,0,5.4,0.64,40.63,38.35,-1.02,341.96,379.71,1.74,16.38
 2021-03-29 11:19:30,5.95,0,5.4,0.64,40.65,38.35,-1.02,341.8,380.25,1.74,16.38
 2021-03-29 11:19:35,5.95,0,5.4,0.64,40.55,38.35,-1.02,341.78,379.95,1.74,16.38
 2021-03-29 11:19:40,5.95,0,5.4,0.64,40.55,38.35,-1.02,341.78,381.06,1.74,15.08
 2021-03-29 11:19:45,5.96,0,5.4,0.63,40.55,38.35,-1.02,341.6,380.37,1.74,15.08
 2021-03-29 11:19:50,6.01,0,5.4,0.63,40.55,38.35,-1.02,341.78,380.63,1.74,15.08
 2021-03-29 11:19:55,6.01,0,5.4,0.63,40.55,38.35,-1.02,341.9,380.55,1.74,15.08
 2021-03-29 11:20:00,6.01,0,5.4,0.63,40.68,38.35,-1.02,341.8,380.47,1.74,15.08
 2021-03-29 11:20:05,6.01,0,5.4,0.63,42.22,39.62,-1.02,341.72,380.55,1.69,15.08
 2021-03-29 11:20:10,6.68,0,5.74,0.63,52.12,46.11,-0.81,341.72,380.39,1.93,15.08
 2021-03-29 11:20:15,7.13,0,6.17,0.92,56.68,51.71,-0.81,341.72,381.44,2.16,15.08
 2021-03-29 11:20:20,7.46,0,6.17,0.92,59.46,54.6,-0.81,341.88,384.52,1.69,15.08
 2021-03-29 11:20:25,7.46,0,6.17,0.92,60.11,56.01,-0.81,341.88,387.04,2.21,15.08
 2021-03-29 11:20:30,7.46,0,6.17,0.92,60.11,56.01,-0.81,342.12,388.17,1.63,15.08
 2021-03-29 11:20:35,7.46,0,6.17,0.92,60.11,56.01,-0.81,341.9,389,1.84,15.08
 2021-03-29 11:20:40,7.46,0,6.17,0.92,60.11,56.01,-0.81,342.26,389.16,1.87,14.4
 2021-03-29 11:20:45,7.46,0,6.17,0.92,60.06,56.01,-0.81,342.44,389.16,1.87,14.4
 2021-03-29 11:20:50,7.46,0,6.17,0.92,60.23,56.01,-0.81,342.14,389.04,1.87,14.4
 2021-03-29 11:20:55,7.46,0,6.17,0.92,60.23,56.01,-0.81,342.2,388.64,1.2,14.4
 2021-03-29 11:21:00,7.46,0,6.17,0.92,60.24,56.01,-0.81,342.02,389.2,1.6,14.4
 2021-03-29 11:21:05,7.4,0,6.17,0.92,60.29,56.01,-0.81,341.96,389.18,1.45,14.4
 2021-03-29 11:21:10,7.4,0,6.17,0.92,60.29,56.01,-0.48,341.84,389.48,1.76,14.4
 2021-03-29 11:21:15,7.4,0,6.17,0.92,60.29,56.01,-0.48,341.84,389.54,1.44,14.4
 2021-03-29 11:21:20,7.4,0,6.57,0.93,59.75,56.05,-0.48,341.84,389.56,1.92,14.4
 2021-03-29 11:21:25,7.4,0,6.57,0.93,60.12,56.09,-0.48,342.02,389.36,1.42,14.4
 2021-03-29 11:21:30,7.4,0,6.57,0.93,60.29,56.2,-0.48,341.92,389.36,1.42,14.4
 2021-03-29 11:21:35,7.4,0,6.57,0.93,60.24,56.2,-0.48,342.08,389.48,1.44,14.4
 2021-03-29 11:21:40,7.4,0,6.57,0.93,60.24,56.2,-0.48,341.9,389.3,1.82,14.4
 2021-03-29 11:21:45,7.4,0,6.57,0.93,60.24,56.2,-0.48,341.96,389.3,1.69,14.17
 2021-03-29 11:21:50,7.4,0,6.57,0.93,60.24,56.2,-0.48,341.84,389.6,1.42,14.17
 2021-03-29 11:21:55,7.4,0,6.57,0.93,60.24,56.2,-0.48,342.14,389.48,1.9,14.17
 2021-03-29 11:22:00,7.4,0,6.57,0.93,60.24,56.2,-0.48,342.32,389.84,1.83,14.17
 2021-03-29 11:22:05,7.42,0,6.57,0.93,60.09,56.2,-0.48,342.02,389.54,1.62,14.17
 2021-03-29 11:22:10,7.42,0,6.57,0.93,60.14,56.2,-0.49,342.44,390.03,1.52,14.17
 2021-03-29 11:22:15,7.42,0,6.57,0.93,60.24,56.2,-0.49,342.68,389.9,1.96,14.17
 2021-03-29 11:22:20,7.42,0,6.56,0.93,60.24,56.2,-0.49,342.56,390.07,1.36,14.17
 2021-03-29 11:22:25,7.42,0,6.56,0.93,60.29,56.2,-0.49,342.56,390.07,1.71,14.17
 2021-03-29 11:22:30,7.42,0,6.56,0.93,60.29,56.32,-0.49,342.56,389.95,1.74,14.17
 2021-03-29 11:22:35,7.42,0,6.56,0.93,60.29,56.32,-0.49,342.56,390.31,1.76,14.17
 2021-03-29 11:22:40,7.42,0,6.56,0.93,60.35,56.32,-0.49,342.56,390.11,1.74,14.17
 2021-03-29 11:22:45,7.42,0,6.56,0.93,60.35,56.32,-0.49,342.56,390.07,1.73,14.03
 2021-03-29 11:22:50,7.42,0,6.56,0.93,60.35,56.32,-0.49,342.5,389.99,1.52,14.03
 2021-03-29 11:22:55,7.42,0,6.56,0.93,60.35,56.32,-0.49,342.79,389.9,1.52,14.03
 2021-03-29 11:23:00,7.42,0,6.56,0.93,60.35,56.32,-0.49,342.56,390.19,1.45,14.03
 2021-03-29 11:23:05,7.51,0,6.56,0.93,60.35,56.32,-0.49,342.68,390.43,1.63,14.03
 2021-03-29 11:23:10,7.51,0,6.56,0.93,60.35,56.32,-0.48,342.68,390.35,1.41,14.03
 2021-03-29 11:23:15,7.51,0,6.56,0.93,60.35,56.32,-0.48,342.91,390.13,2.01,14.03
 2021-03-29 11:23:20,7.51,0,6.56,0.93,60.35,56.32,-0.48,342.62,390.63,1.46,14.03
 2021-03-29 11:23:25,7.51,0,6.56,0.93,60.35,56.32,-0.48,342.44,390.73,1.68,14.03
 2021-03-29 11:23:30,7.51,0,6.56,0.93,60.35,56.31,-0.48,342.95,390.19,1.65,14.03
 2021-03-29 11:23:35,7.51,0,6.56,0.93,60.35,56.31,-0.48,342.79,390.13,1.49,14.03
 2021-03-29 11:23:40,7.51,0,6.56,0.93,60.29,56.31,-0.48,343.03,390.79,1.71,14.03
 2021-03-29 11:23:45,7.51,0,6.56,0.93,60.24,56.31,-0.48,343.03,390.91,1.64,13.99
 2021-03-29 11:23:50,7.51,0,6.56,0.93,59.99,56.1,-0.48,342.91,390.67,1.59,13.99
 2021-03-29 11:23:55,7.51,0,6.56,0.93,60.3,56.1,-0.48,342.97,390.61,1.58,13.99
 2021-03-29 11:24:00,7.42,0,6.56,0.93,60.3,56.1,-0.48,342.97,390.85,1.63,13.99
 2021-03-29 11:24:05,7.42,0,6.56,0.93,60.18,56.1,-0.48,342.97,390.73,1.64,13.99
 2021-03-29 11:24:10,7.42,0,6.56,0.93,60.35,56.1,-0.48,343.15,390.73,1.51,13.99
 2021-03-29 11:24:15,7.42,0,6.56,0.93,60.35,56.1,-0.48,343.03,390.55,1.57,13.99
 2021-03-29 11:24:20,7.42,0,6.58,0.93,60.24,56.1,-0.48,343.15,390.91,1.44,13.99
 2021-03-29 11:24:25,7.42,0,6.58,0.93,60.24,56.1,-0.48,343.27,391.03,1.53,13.99
 2021-03-29 11:24:30,7.42,0,6.58,0.93,60.24,56.1,-0.48,343.15,391.19,1.36,13.99
 2021-03-29 11:24:35,7.42,0,6.58,0.93,60.24,56.1,-0.48,343.03,391.44,2,13.99
 2021-03-29 11:24:40,7.42,0,6.58,0.93,60.24,56.1,-0.48,343.15,391.22,1.51,13.99
 2021-03-29 11:24:45,7.42,0,6.58,0.93,60.24,56.1,-0.48,343.09,390.91,1.74,14.01
 2021-03-29 11:24:50,7.42,0,6.58,0.93,60.24,56.1,-0.48,343.23,390.85,1.74,14.01
 2021-03-29 11:24:55,7.42,0,6.58,0.93,60.24,56.33,-0.48,343.57,390.91,1.58,14.01
 2021-03-29 11:25:00,7.45,0,6.58,0.93,60.24,56.33,-0.48,343.71,390.73,1.37,14.01
 2021-03-29 11:25:05,7.45,0,6.58,0.93,60.24,56.33,-0.48,343.51,391.2,1.85,14.01
 2021-03-29 11:25:10,7.45,0,6.58,0.93,60.24,56.33,-0.48,343.47,391.26,1.47,14.01
 2021-03-29 11:25:15,7.45,0,6.58,0.93,60.35,56.33,-0.48,343.15,390.67,1.71,14.01
 2021-03-29 11:25:20,7.45,0,6.59,0.94,60.35,56.33,-0.48,343.75,391.07,1.6,14.01
 2021-03-29 11:25:25,7.45,0,6.59,0.94,60.35,56.33,-0.48,343.81,391.56,1.81,14.01
 2021-03-29 11:25:30,7.45,0,6.59,0.94,60.35,56.33,-0.48,343.39,391.38,1.73,14.01
 2021-03-29 11:25:35,7.45,0,6.59,0.94,60.35,56.33,-0.48,343.57,391.56,1.6,14.01
 2021-03-29 11:25:40,7.45,0,6.59,0.94,60.35,56.33,-0.48,343.67,391.98,1.95,14.01
 2021-03-29 11:25:45,7.45,0,6.59,0.94,60.35,56.33,-0.48,343.75,391.5,1.86,14.01
 2021-03-29 11:25:50,7.45,0,6.59,0.94,60.35,56.33,-0.48,343.75,391.82,1.57,14.06
 2021-03-29 11:25:55,7.45,0,6.59,0.94,60.35,56.32,-0.48,344.04,391.26,1.23,14.06
 2021-03-29 11:26:00,7.43,0,6.59,0.94,60.35,56.32,-0.48,344.4,391.8,1.64,14.06
 2021-03-29 11:26:05,7.43,0,6.59,0.94,59.8,56.19,-0.48,344.46,391.98,1.4,14.06
 2021-03-29 11:26:10,7.43,0,6.59,0.94,60.21,56.31,-0.47,344.34,392.22,1.58,14.06
 2021-03-29 11:26:15,7.43,0,6.59,0.94,60.32,56.31,-0.47,344.34,392.16,1.51,14.06
 2021-03-29 11:26:20,7.43,0,6.57,0.94,60.32,56.31,-0.47,344.46,391.7,1.44,14.06
 2021-03-29 11:26:25,7.43,0,6.57,0.94,60.32,56.31,-0.47,344.64,391.32,1.5,14.06
 2021-03-29 11:26:30,7.43,0,6.57,0.94,60.32,56.31,-0.47,344.86,391.5,1.15,14.06
 2021-03-29 11:26:35,7.43,0,6.57,0.94,60.32,56.31,-0.47,344.86,391.5,1.31,14.06
 2021-03-29 11:26:40,7.43,0,6.57,0.94,60.32,56.31,-0.47,345.14,391.98,1.4,14.06
 2021-03-29 11:26:45,7.43,0,6.57,0.94,60.32,56.31,-0.47,345.35,391.5,1.55,14.06
 2021-03-29 11:26:50,7.57,0,6.57,0.94,60.23,56.19,-0.47,344.58,391.8,1.41,14.15
 2021-03-29 11:26:55,7.57,0,6.57,0.94,60.3,56.19,-0.47,344.28,391.86,1.58,14.15
 2021-03-29 11:27:00,7.57,0,6.57,0.94,60.3,56.19,-0.47,344.4,392.02,1.62,14.15
 2021-03-29 11:27:05,7.57,0,6.57,0.94,63.9,57.5,-0.47,344.64,392.22,1.68,14.15
 2021-03-29 11:27:10,8.86,0,7.19,1.26,85.81,73.98,0.43,344.78,391.78,1.94,14.15
 2021-03-29 11:27:15,9.62,0,8.01,1.26,94.75,86.17,0.43,345,393.53,2.21,14.15
 2021-03-29 11:27:20,9.88,0,8.21,1.26,98.17,90.15,0.43,344.26,400.2,2.34,14.15
 2021-03-29 11:27:25,10.1,0,8.21,1.57,100.76,92.95,0.43,344.7,401.86,2.44,14.15
 2021-03-29 11:27:30,10.1,0,8.21,1.57,101.05,93.65,0.43,344.94,403.57,2.47,14.15
 2021-03-29 11:27:35,10.1,0,8.21,1.57,101.32,93.65,0.43,345.18,403.71,2.4,14.15
 2021-03-29 11:27:40,10.1,0,8.21,1.57,101.52,93.65,0.43,344.34,403.65,2.54,14.15
 2021-03-29 11:27:45,10.1,0,8.21,1.57,101.52,94.28,0.43,344.52,403.71,2.54,14.15
 2021-03-29 11:27:50,10.1,0,8.21,1.57,101.52,94.28,0.43,344.98,404.31,2.5,14.2
 2021-03-29 11:27:55,10.1,0,8.21,1.68,102.03,94.28,0.43,345.41,404.48,2.5,14.2
 2021-03-29 11:28:00,10.1,0,8.21,1.68,102.03,94.28,0.43,345.18,404.52,2.5,14.2
 2021-03-29 11:28:05,10.1,0,8.21,1.68,102.03,94.28,0.43,345.3,405.08,2.5,14.2
 2021-03-29 11:28:10,10.1,0,8.21,1.68,102.03,94.28,1.48,345.12,405.14,2.5,14.2
 2021-03-29 11:28:15,10.1,0,8.21,1.68,102.03,94.28,1.48,345,405.38,2.5,14.2
 2021-03-29 11:28:20,10.1,0,8.63,1.68,102.28,94.28,1.48,345.06,405.32,2.5,14.2
 2021-03-29 11:28:25,10.15,0,8.63,1.68,101.58,94.49,1.48,344.88,405.67,2.5,14.2
 2021-03-29 11:28:30,10.15,0,8.63,1.68,101.18,93.95,1.48,345.22,405.83,2.5,14.2
 2021-03-29 11:28:35,10.15,0,8.63,1.68,100.21,93.27,1.48,344.46,405.73,2.5,14.2
 2021-03-29 11:28:40,10.15,0,8.63,1.68,100.21,92.98,1.48,344.54,405.2,2.55,14.2
 2021-03-29 11:28:45,10.15,0,8.63,1.68,100.4,93.13,1.48,344.54,405.38,2.55,14.2
 2021-03-29 11:28:50,10.15,0,8.63,1.68,100.4,93.13,1.48,344.7,405.04,2.55,14.38
 2021-03-29 11:28:55,10.15,0,8.63,1.63,100.4,93.13,1.48,344.82,405.14,2.55,14.38
 2021-03-29 11:29:00,10.15,0,8.63,1.63,100.4,93.13,1.48,344.46,404.68,2.55,14.38
 2021-03-29 11:29:05,10.15,0,8.63,1.63,100.4,93.13,1.48,345.06,404.48,2.55,14.38
 2021-03-29 11:29:10,10.17,0,8.63,1.63,100.4,93.13,1.38,345.14,405.32,2.55,14.38
 2021-03-29 11:29:15,10.17,0,8.63,1.6,100.4,93.13,1.38,345.24,404.84,2.55,14.38
 2021-03-29 11:29:20,10.17,0,8.57,1.6,100.4,93.13,1.38,344.58,405.08,2.55,14.38
 2021-03-29 11:29:25,10.17,0,8.57,1.6,100.4,93.13,1.38,344.76,405.14,2.55,14.38
 2021-03-29 11:29:30,10.17,0,8.57,1.6,100.4,93.13,1.38,344.64,405.28,2.55,14.38
 2021-03-29 11:29:35,10.17,0,8.57,1.6,100.4,93.13,1.38,344.7,404.6,2.55,14.38
 2021-03-29 11:29:40,10.17,0,8.57,1.6,100.4,93.13,1.38,344.76,405.5,2.55,14.38
 2021-03-29 11:29:45,10.17,0,8.57,1.6,100.96,93.68,1.38,344.76,405.73,2.69,14.38
 2021-03-29 11:29:50,10.17,0,8.57,1.6,100.96,93.68,1.38,344.46,405.24,2.69,14.38
 2021-03-29 11:29:55,10.17,0,8.57,1.6,100.96,93.68,1.38,344.34,405.08,2.69,14.38
 2021-03-29 11:30:00,10.17,0,8.57,1.6,100.96,93.68,1.38,344.34,404.9,2.69,14.38
 2021-03-29 11:30:05,10.17,0,8.57,1.6,100.96,93.68,1.38,345.18,405.26,2.69,14.38
 2021-03-29 11:30:10,10.22,0,8.57,1.6,100.96,93.68,1.38,345.24,404.6,2.69,14.38
 2021-03-29 11:30:15,10.22,0,8.57,1.62,100.96,93.68,1.39,344.58,405.08,2.69,14.38
 2021-03-29 11:30:20,10.22,0,8.57,1.62,100.96,93.68,1.39,344.76,404.6,2.69,14.38
 2021-03-29 11:30:25,10.22,0,8.59,1.62,100.96,93.68,1.39,344.76,404.48,2.69,14.38
 2021-03-29 11:30:30,10.22,0,8.59,1.62,100.96,93.68,1.39,344.52,404.54,2.69,14.38
 2021-03-29 11:30:35,10.22,0,8.59,1.62,100.96,93.68,1.39,344.4,404.6,2.69,14.38
 2021-03-29 11:30:40,10.22,0,8.59,1.62,100.96,93.68,1.39,344.46,404.42,2.69,14.38
 2021-03-29 11:30:45,10.22,0,8.59,1.62,101.5,94.13,1.39,344.4,404.48,2.66,14.38
 2021-03-29 11:30:50,10.22,0,8.59,1.62,101.5,94.13,1.39,344.34,404.25,2.66,14.38
 2021-03-29 11:30:55,10.22,0,8.59,1.62,101.5,94.13,1.39,344.34,404.25,2.66,14.26
 2021-03-29 11:31:00,10.22,0,8.59,1.62,101.5,94.13,1.39,344.16,404.19,2.66,14.26
 2021-03-29 11:31:05,10.22,0,8.59,1.62,101.88,94.4,1.39,345.18,403.95,2.66,14.26
 2021-03-29 11:31:10,10.2,0,8.59,1.62,101.88,94.4,1.39,345,403.97,2.66,14.26
 2021-03-29 11:31:15,10.2,0,8.59,1.62,101.88,94.4,1.38,344.94,403.65,2.66,14.26
 2021-03-29 11:31:20,10.2,0,8.59,1.6,101.88,94.4,1.38,344.74,403.93,2.66,14.26
 2021-03-29 11:31:25,10.2,0,8.6,1.6,101.75,94.4,1.38,344.88,404.13,2.66,14.26
 2021-03-29 11:31:30,10.2,0,8.6,1.6,101.94,94.4,1.38,344.82,404.05,2.66,14.26
 2021-03-29 11:31:35,10.2,0,8.6,1.6,102.08,94.4,1.38,344.82,403.71,2.66,14.26
 2021-03-29 11:31:40,10.25,0,8.6,1.6,102.08,94.4,1.38,344.76,404.36,2.66,14.26
 2021-03-29 11:31:45,10.25,0,8.6,1.6,102.08,94.4,1.38,344.58,404.66,2.66,14.26
 2021-03-29 11:31:50,10.25,0,8.6,1.6,102.08,94.4,1.38,344.52,404.54,2.71,14.26
 2021-03-29 11:31:55,10.25,0,8.6,1.6,102.08,94.4,1.38,345,404.54,2.71,14.15
 2021-03-29 11:32:00,10.25,0,8.6,1.6,102.08,94.4,1.38,344.82,404.42,2.71,14.15
 2021-03-29 11:32:05,10.25,0,8.6,1.6,102.08,94.4,1.38,345.53,404.6,2.71,14.15
 2021-03-29 11:32:10,10.25,0,8.6,1.6,102.08,94.72,1.38,345.3,404.48,2.71,14.15
 2021-03-29 11:32:15,10.25,0,8.6,1.6,102.08,94.72,1.39,345.3,404.54,2.71,14.15
 2021-03-29 11:32:20,10.25,0,8.6,1.61,102.08,94.72,1.39,345.3,404.19,2.71,14.15
 2021-03-29 11:32:25,10.25,0,8.63,1.61,102.08,94.72,1.39,345.18,404.36,2.71,14.15
 2021-03-29 11:32:30,10.25,0,8.63,1.61,102.08,94.72,1.39,345.37,404.21,2.71,14.15
 2021-03-29 11:32:35,10.25,0,8.63,1.61,102.21,94.72,1.39,345.35,404.19,2.71,14.15
 2021-03-29 11:32:40,10.25,0,8.63,1.61,102.21,94.72,1.39,345.26,404.36,2.71,14.15
 2021-03-29 11:32:45,10.22,0,8.63,1.61,102.21,94.72,1.39,345.24,403.71,2.71,14.15
 2021-03-29 11:32:50,10.22,0,8.63,1.61,102.21,94.72,1.39,345.24,404.17,2.65,14.15
 2021-03-29 11:32:55,10.22,0,8.63,1.61,102.21,94.72,1.39,345.06,405.08,2.65,14.15
 2021-03-29 11:33:00,10.22,0,8.63,1.61,102.21,94.72,1.39,344.86,404.84,2.65,14.08
 2021-03-29 11:33:05,10.22,0,8.63,1.61,102.21,94.72,1.39,345.06,404.6,2.65,14.08
 2021-03-29 11:33:10,10.22,0,8.63,1.61,102.45,94.92,1.39,344.86,404.66,2.65,14.08
 2021-03-29 11:33:15,10.22,0,8.63,1.61,102.45,94.92,1.39,344.82,404.31,2.65,14.08
 2021-03-29 11:33:20,10.22,0,8.63,1.61,102.45,94.92,1.39,344.66,404.42,2.65,14.08
 2021-03-29 11:33:25,10.22,0,8.64,1.61,102.45,94.92,1.39,344.66,404.25,2.65,14.08
 2021-03-29 11:33:30,10.22,0,8.64,1.61,102.45,94.92,1.39,344.76,404.66,2.65,14.08
 2021-03-29 11:33:35,10.22,0,8.64,1.61,102.45,94.92,1.39,344.76,404.66,2.65,14.08
 2021-03-29 11:33:40,10.22,0,8.64,1.61,102.45,94.92,1.39,344.58,404.42,2.65,14.08
 2021-03-29 11:33:45,10.22,0,8.64,1.61,102.45,94.92,1.39,344.7,404.48,2.65,14.08
 2021-03-29 11:33:50,10.22,0,8.64,1.61,102.45,94.92,1.39,344.58,404.13,2.64,14.08
 2021-03-29 11:33:55,10.22,0,8.64,1.61,102.45,94.92,1.39,344.46,404.25,2.64,14.08
 2021-03-29 11:34:00,10.22,0,8.64,1.61,102.45,94.92,1.39,344.52,404.72,2.64,14.01
 2021-03-29 11:34:05,10.22,0,8.64,1.61,102.45,94.92,1.39,344.34,404.19,2.64,14.01
 2021-03-29 11:34:10,10.22,0,8.64,1.61,102.39,94.96,1.39,344.4,404.84,2.64,14.01
 2021-03-29 11:34:15,10.22,0,8.64,1.61,102.39,94.96,1.37,344.46,404.84,2.64,14.01
 2021-03-29 11:34:20,10.22,0,8.64,1.61,102.39,94.96,1.37,344.46,404.8,2.64,14.01
 2021-03-29 11:34:25,10.22,0,8.64,1.61,102.39,94.96,1.37,344.16,404.72,2.64,14.01
 2021-03-29 11:34:30,9.63,0,8.41,1.39,84.82,85.12,0.57,344.28,404.96,2.64,14.01
 2021-03-29 11:34:35,9.01,0,7.95,1.29,82.77,78.53,0.35,344.1,403.71,2.64,14.01
 2021-03-29 11:34:40,9.01,0,8.16,1.52,97.62,86.48,0.99,344.58,401.7,2.64,14.01
 2021-03-29 11:34:45,10.01,0,8.39,1.52,100.39,92.48,0.99,344.4,402.34,2.64,14.01
 2021-03-29 11:34:50,10.01,0,8.39,1.52,100.39,93.14,0.99,344.42,403.41,2.67,14.01
 2021-03-29 11:34:55,10.01,0,8.39,1.52,100.39,93.14,0.99,344.58,404.25,2.67,14.01
 2021-03-29 11:35:00,10.01,0,8.39,1.52,100.39,93.14,0.99,344.58,404.13,2.67,13.97
 2021-03-29 11:35:05,10.01,0,8.39,1.52,100.39,93.14,0.99,344.46,404.13,2.67,13.97
 2021-03-29 11:35:10,10.01,0,8.39,1.52,100.39,93.14,0.99,344.58,404.25,2.67,13.97
 2021-03-29 11:35:15,10.01,0,8.39,1.52,100.39,93.14,0.99,344.7,404.25,2.67,13.97
 2021-03-29 11:35:20,10.01,0,8.39,1.52,100.39,93.14,0.99,344.7,404.25,2.67,13.97
 2021-03-29 11:35:25,10.01,0,8.39,1.52,100.39,93.14,0.99,344.46,404.19,2.67,13.97
 2021-03-29 11:35:30,10.01,0,8.39,1.52,100.39,93.14,0.99,344.58,404.25,2.67,13.97
 2021-03-29 11:35:35,10.01,0,8.39,1.52,100.39,93.14,0.99,344.58,404.01,2.67,13.97
 2021-03-29 11:35:40,9.56,0,8.3,1.5,91.48,88.23,0.74,344.58,404.29,2.67,13.97
 2021-03-29 11:35:45,8.77,0,7.9,1.3,76,75.01,0.15,344.58,403.71,2.67,13.97
 2021-03-29 11:35:50,7.8,0,7.18,0.81,60.11,60.93,-0.48,344.58,400.26,2.67,13.97
 2021-03-29 11:35:55,7,0,6.35,0.76,44.8,46.78,-0.87,344.58,396.98,2.46,13.97
 2021-03-29 11:36:00,6.09,0,5.66,0.66,39.81,39.15,-0.87,344.58,393.47,2.31,14.13
 2021-03-29 11:36:05,6.09,0,5.66,0.66,38.47,36.81,-0.87,344.58,389.66,2.31,14.13
 2021-03-29 11:36:10,6.09,0,5.66,0.66,37.6,35.84,-0.87,344.58,386.22,2.31,14.13
 2021-03-29 11:36:15,6.09,0,5.66,0.66,36.96,35.13,-0.87,344.1,384.54,2.31,14.13
 2021-03-29 11:36:20,6.09,0,5.66,0.66,36.73,34.9,-0.87,344.34,383.58,2.31,14.13
 2021-03-29 11:36:25,6.09,0,5.66,0.66,36.32,34.57,-0.87,344.46,383.52,2.31,14.13
 2021-03-29 11:36:30,6.09,0,5.66,0.66,36.16,34.35,-0.87,344.34,383.13,2.31,14.13
 2021-03-29 11:36:35,6.09,0,5.66,0.66,36.16,34.35,-0.87,344.34,382.63,2.31,14.13
 2021-03-29 11:36:40,6.09,0,5.66,0.66,36.16,34.35,-0.87,344.4,382.57,2.31,14.13
 2021-03-29 11:36:45,5.56,0,5.66,0.66,35.59,33.87,-0.87,344.1,382.75,2.31,14.13
 2021-03-29 11:36:50,5.56,0,5.66,0.66,35.73,33.87,-0.87,344.34,382.53,2.31,14.13
 2021-03-29 11:36:55,5.56,0,5.66,0.66,35.8,33.87,-1.12,344.46,382.03,2.31,14.13
 2021-03-29 11:37:00,5.56,0,5.66,0.54,35.67,33.83,-1.12,344.46,381.98,2.75,14.13
 2021-03-29 11:37:05,5.63,0,5.07,0.54,36.26,34.16,-1.12,344.58,381.74,2.75,14.3
 2021-03-29 11:37:10,5.63,0,5.07,0.54,35.95,33.99,-1.12,344.58,382.57,2.75,14.3
 2021-03-29 11:37:15,5.63,0,5.07,0.54,36.1,33.96,-1.12,344.58,382.93,2.75,14.3
 2021-03-29 11:37:20,5.63,0,5.07,0.54,36.37,34.27,-1.12,344.46,382.21,2.75,14.3
 2021-03-29 11:37:25,5.63,0,5.07,0.54,36.03,34.27,-1.12,344.82,382.33,2.75,14.3
 2021-03-29 11:37:30,5.63,0,5.07,0.54,35.62,33.95,-1.12,345.02,382.69,2.75,14.3
 2021-03-29 11:37:35,5.63,0,5.07,0.54,35.51,33.7,-1.12,345.02,382.87,2.75,14.3
 2021-03-29 11:37:40,5.66,0,5.07,0.54,36.15,34.11,-1.12,344.64,382.73,2.75,14.3
 2021-03-29 11:37:45,5.66,0,5.07,0.54,36.22,34.11,-1.12,344.28,382.81,2.75,14.3
 2021-03-29 11:37:50,5.66,0,5.07,0.54,35.91,34.06,-1.12,344.64,382.75,2.75,14.3
 2021-03-29 11:37:55,5.66,0,5.07,0.54,35.97,34.06,-1.12,344.64,382.87,2.75,14.3
 2021-03-29 11:38:00,5.66,0,5.07,0.55,36.08,34.06,-1.11,344.58,382.69,2.99,14.3
 2021-03-29 11:38:05,5.66,0,5.09,0.55,36.08,34.06,-1.11,344.7,383.17,2.99,14.3
 2021-03-29 11:38:10,5.66,0,5.09,0.55,36.08,34.06,-1.11,344.58,383.13,2.99,14.3
 2021-03-29 11:38:15,5.66,0,5.09,0.55,36.08,34.06,-1.11,344.76,383.34,2.99,14.3
 2021-03-29 11:38:20,5.66,0,5.09,0.55,36.08,34.06,-1.11,344.66,383.05,2.99,14.3
 2021-03-29 11:38:25,5.66,0,5.09,0.55,36.08,34.06,-1.11,344.88,382.63,2.99,14.3
 2021-03-29 11:38:30,5.66,0,5.09,0.55,36.08,34.06,-1.11,344.7,383.34,2.99,14.3
 2021-03-29 11:38:35,5.66,0,5.09,0.55,35.74,33.91,-1.11,345.35,383.64,2.99,14.3
 2021-03-29 11:38:40,5.66,0,5.09,0.55,35.94,34.02,-1.11,345.12,383.4,2.99,14.3
 2021-03-29 11:38:45,5.59,0,5.09,0.55,36.2,34.2,-1.11,345.18,383.52,2.99,14.3
 2021-03-29 11:38:50,5.59,0,5.09,0.55,35.98,34.17,-1.11,345.26,383.21,2.99,14.3
 2021-03-29 11:38:55,5.59,0,5.09,0.55,35.98,34.17,-1.11,345.06,384.06,2.99,14.3
 2021-03-29 11:39:00,5.59,0,5.09,0.55,35.98,34.17,-1.1,345.33,383.17,3.03,14.3
 2021-03-29 11:39:05,5.59,0,5.08,0.55,35.98,34.17,-1.1,345.41,384.12,3.03,14.34
 2021-03-29 11:39:10,5.59,0,5.08,0.55,35.98,34.17,-1.1,345.3,383.76,3.03,14.34
 2021-03-29 11:39:15,5.59,0,5.08,0.55,35.98,34.17,-1.1,345.24,382.81,3.03,14.34
 2021-03-29 11:39:20,5.59,0,5.08,0.55,35.85,34.17,-1.1,345.3,383.17,3.03,14.34
 2021-03-29 11:39:25,5.59,0,5.08,0.55,35.49,33.75,-1.1,345.47,382.51,3.03,14.34
 2021-03-29 11:39:30,5.59,0,5.08,0.55,36.21,34.1,-1.1,345.65,382.51,3.03,14.34
 2021-03-29 11:39:35,5.59,0,5.08,0.55,36.26,34.1,-1.1,345.59,382.87,3.03,14.34
 2021-03-29 11:39:40,5.55,0,5.08,0.55,35.83,34.09,-1.1,345.59,383.23,3.03,14.34
 2021-03-29 11:39:45,5.55,0,5.08,0.55,35.83,34.09,-1.1,345.53,383.23,3.03,14.34
 2021-03-29 11:39:50,5.55,0,5.08,0.55,35.91,34.09,-1.1,345.47,383.13,3.03,14.34
 2021-03-29 11:39:55,5.55,0,5.08,0.55,35.91,34.09,-1.1,345.59,383.05,3.03,14.34
 2021-03-29 11:40:00,5.55,0,5.08,0.55,35.91,34.09,-1.09,345.24,383.17,3.06,14.34
 2021-03-29 11:40:05,5.55,0,5.09,0.55,35.91,34.09,-1.09,345.35,383.05,3.06,14.37
 2021-03-29 11:40:10,5.55,0,5.09,0.55,35.6,33.82,-1.09,345.35,383.36,3.06,14.37
 2021-03-29 11:40:15,5.34,0,5.09,0.55,33.59,32.28,-1.09,345.53,383.46,3.06,14.37
 2021-03-29 11:40:20,5.55,0,5.09,0.55,36.1,33.78,-1.09,345.77,383.05,3.06,14.37
 2021-03-29 11:40:25,5.55,0,5.09,0.55,36.26,34.36,-1.09,345.59,382.75,3.06,14.37
 2021-03-29 11:40:30,5.55,0,5.09,0.55,35.54,33.88,-1.09,344.94,383.52,3.06,14.37
 2021-03-29 11:40:35,5.55,0,5.09,0.55,35.54,33.23,-1.09,344.7,383.34,3.06,14.37
 2021-03-29 11:40:40,5.55,0,5.09,0.55,35.47,33.39,-1.09,345.02,383.33,3.06,14.37
 2021-03-29 11:40:45,5.55,0,5.09,0.55,35.52,33.39,-1.09,345.3,383.29,3.06,14.37
 2021-03-29 11:40:50,5.55,0,5.09,0.55,35.77,33.79,-1.09,345.18,383.01,3.06,14.37
 2021-03-29 11:40:55,5.55,0,5.09,0.55,35.77,33.79,-1.09,345.3,383.05,3.06,14.37
 2021-03-29 11:41:00,5.55,0,5.09,0.55,35.34,33.5,-1.09,345.53,382.63,3.06,14.37
 2021-03-29 11:41:05,5.55,0,5.09,0.54,35.34,33.36,-1.11,345.47,383.29,3.03,14.37
 2021-03-29 11:41:10,5.55,0,5.02,0.54,35.14,33.36,-1.11,345.41,382.57,3.03,14.46
 2021-03-29 11:41:15,5.55,0,5.02,0.54,35.67,33.66,-1.11,345.53,382.51,3.03,14.46
 2021-03-29 11:41:20,5.61,0,5.02,0.54,36.08,34.1,-1.11,345.41,383.29,3.03,14.46
 2021-03-29 11:41:25,5.61,0,5.02,0.54,35.74,33.96,-1.11,345.3,383.34,3.03,14.46
 2021-03-29 11:41:30,5.61,0,5.02,0.54,36.23,34.21,-1.11,345.41,383.34,3.03,14.46
 2021-03-29 11:41:35,5.61,0,5.02,0.54,36.06,34.2,-1.11,345.41,383.82,3.03,14.46
 2021-03-29 11:41:40,5.61,0,5.02,0.54,36.06,34.2,-1.11,345.41,383.21,3.03,14.46
 2021-03-29 11:41:45,5.61,0,5.02,0.54,36.06,34.2,-1.11,345.24,382.93,3.03,14.46
 2021-03-29 11:41:50,5.61,0,5.02,0.54,36.06,34.2,-1.11,345.22,383.33,3.03,14.46
 2021-03-29 11:41:55,5.61,0,5.02,0.54,36.06,34.2,-1.11,345.41,383.29,3.03,14.46
 2021-03-29 11:42:00,5.61,0,5.02,0.54,36.06,34.2,-1.11,345.24,383.4,3.03,14.46
 2021-03-29 11:42:05,5.61,0,5.02,0.55,33.3,32.52,-1.14,345.12,383.64,3.09,14.46
 2021-03-29 11:42:10,5.31,0,5.01,0.55,35.9,33.24,-1.07,345.33,383.76,2.98,14.47
 2021-03-29 11:42:15,5.66,0,5.01,0.55,36.63,34.44,-1.07,345.18,383.11,2.98,14.47
 2021-03-29 11:42:20,5.66,0,5.01,0.55,37.61,35.31,-1.07,345.06,383.11,2.98,14.47
 2021-03-29 11:42:25,5.66,0,5.3,0.55,45.91,39.03,-0.67,345.53,383.82,2.98,14.47
 2021-03-29 11:42:30,7.18,0,5.97,0.84,58.45,51.32,-0.38,345.33,384.44,3.67,14.47
 2021-03-29 11:42:35,7.91,0,6.66,1.09,69.08,61.82,-0.08,345.35,387.1,3.31,14.47
 2021-03-29 11:42:40,8.16,0,6.93,1.09,70.19,64.86,-0.08,345.22,392.26,3.32,14.47
 2021-03-29 11:42:45,8.16,0,6.93,1.09,70.58,65.58,-0.08,345.18,395.19,3.5,14.47
 2021-03-29 11:42:50,8.16,0,6.93,1.09,70.69,65.76,-0.08,345.3,396.19,3.1,14.47
 2021-03-29 11:42:55,8.16,0,6.93,1.09,70.87,65.76,-0.08,345.12,396.62,3.18,14.47
 2021-03-29 11:43:00,8.16,0,6.93,1.09,70.87,65.76,-0.08,345.3,396.74,2.86,14.47
 2021-03-29 11:43:05,8.16,0,6.93,1.09,70.87,65.76,-0.08,345.06,396.68,2.86,14.47
 2021-03-29 11:43:10,8.16,0,6.93,1.09,70.87,65.76,-0.08,345.14,396.62,2.76,14.24
 2021-03-29 11:43:15,8.16,0,6.93,1.09,70.87,65.76,-0.08,345.06,396.09,2.54,14.24
 2021-03-29 11:43:20,8.16,0,6.93,1.09,70.87,65.76,-0.08,345.35,396.62,2.83,14.24
 2021-03-29 11:43:25,8.16,0,6.93,1.09,70.87,65.76,-0.08,345.18,396.62,2.83,14.24
 2021-03-29 11:43:30,8.16,0,6.93,1.09,70.87,66.53,-0.08,345.14,395.91,2.83,14.24
 2021-03-29 11:43:35,8.16,0,6.93,1.09,70.87,66.53,-0.11,345.59,396.39,2.67,14.24
 2021-03-29 11:43:40,8.3,0,7.18,1.11,70.87,66.53,-0.11,345.53,395.85,2.68,14.24
 2021-03-29 11:43:45,8.3,0,7.18,1.11,70.87,66.53,-0.11,345.59,396.68,2.68,14.24
 2021-03-29 11:43:50,8.3,0,7.18,1.11,70.87,66.53,-0.11,345.37,396.5,2.68,14.24
 2021-03-29 11:43:55,8.3,0,7.18,1.11,71.57,66.53,-0.11,345.35,395.91,2.75,14.24
 2021-03-29 11:44:00,8.3,0,7.18,1.11,71.57,66.53,-0.11,345.26,396.09,2.75,14.24
 2021-03-29 11:44:05,8.3,0,7.18,1.11,71.57,66.53,-0.11,345.3,396.74,2.84,14.24
 2021-03-29 11:44:10,8.3,0,7.18,1.11,71.57,66.53,-0.11,345.12,397.02,2.7,14.2
 2021-03-29 11:44:15,8.3,0,7.18,1.11,71.57,66.53,-0.11,345.18,396.8,2.7,14.2
 2021-03-29 11:44:20,8.3,0,7.18,1.11,71.57,66.53,-0.11,345.18,396.54,2.67,14.2
 2021-03-29 11:44:25,8.3,0,7.18,1.11,71.57,66.53,-0.11,345.18,396.33,2.67,14.2
 2021-03-29 11:44:30,8.3,0,7.18,1.11,71.57,66.78,-0.11,345.3,396.92,2.71,14.2
 2021-03-29 11:44:35,8.3,0,7.18,1.11,71.57,66.78,-0.11,345.35,396.56,2.71,14.2
 2021-03-29 11:44:40,8.27,0,7.2,1.14,71.57,66.78,-0.11,345.06,396.74,2.7,14.2
 2021-03-29 11:44:45,8.27,0,7.2,1.14,71.57,66.78,-0.11,345.06,396.56,2.6,14.2
 2021-03-29 11:44:50,8.27,0,7.2,1.14,71.57,66.78,-0.11,344.82,396.5,2.7,14.2
 2021-03-29 11:44:55,8.27,0,7.2,1.14,71.86,66.78,-0.11,344.76,397.04,2.7,14.2
 2021-03-29 11:45:00,8.27,0,7.2,1.14,71.86,66.78,-0.11,344.64,397.64,2.76,14.2
 2021-03-29 11:45:05,8.27,0,7.2,1.14,71.86,66.78,-0.11,344.94,395.91,2.76,14.2
 2021-03-29 11:45:10,8.27,0,7.2,1.14,71.86,66.78,-0.11,344.76,396.98,2.76,14.1
 2021-03-29 11:45:15,8.27,0,7.2,1.14,71.86,66.78,-0.11,345.06,396.92,2.76,14.1
 2021-03-29 11:45:20,8.27,0,7.2,1.14,71.86,66.78,-0.11,345.06,396.92,2.76,14.1
 2021-03-29 11:45:25,8.27,0,7.2,1.14,71.86,66.78,-0.11,345.06,396.74,2.76,14.1
 2021-03-29 11:45:30,8.27,0,7.2,1.14,71.86,66.78,-0.11,344.94,396.74,2.73,14.1
 2021-03-29 11:45:35,8.27,0,7.2,1.14,71.86,67.05,-0.11,344.52,396.74,2.7,14.1
 2021-03-29 11:45:40,8.3,0,7.2,1.13,71.86,67.05,-0.11,344.58,396.68,2.72,14.1
 2021-03-29 11:45:45,8.3,0,7.2,1.13,71.86,67.05,-0.11,344.64,396.74,2.72,14.1
 2021-03-29 11:45:50,8.3,0,7.2,1.13,71.86,67.05,-0.11,344.76,396.78,2.67,14.1
 2021-03-29 11:45:55,8.3,0,7.2,1.13,71.97,67.05,-0.11,344.34,396.92,2.67,14.1
 2021-03-29 11:46:00,8.3,0,7.2,1.13,78.22,68.73,0.03,344.4,397.18,2.72,14.1
 2021-03-29 11:46:05,9.02,0,7.48,1.32,82.21,74.81,0.4,344.58,396.92,2.69,14.1
 2021-03-29 11:46:10,9.02,0,7.48,1.32,80.62,75,0.4,344.82,398.33,2.69,14.1
 2021-03-29 11:46:15,9.02,0,7.48,1.32,80.62,75,0.4,345.06,399.48,2.69,13.97
 2021-03-29 11:46:20,9.02,0,7.48,1.32,80.62,75,0.4,344.88,399.48,2.69,13.97
 2021-03-29 11:46:25,9.02,0,7.48,1.32,80.62,75,0.4,344.94,399.54,2.7,13.97
 2021-03-29 11:46:30,9.02,0,7.48,1.32,80.62,75,0.4,344.7,399.18,2.7,13.97
 2021-03-29 11:46:35,9.02,0,7.48,1.32,80.62,75,0.4,344.7,399.18,2.7,13.97
 2021-03-29 11:46:40,9.02,0,7.48,1.32,80.62,75,0.4,344.52,399.6,2.7,13.97
 2021-03-29 11:46:45,9.02,0,7.48,1.32,80.62,75,0.4,344.52,399.24,2.7,13.97
 2021-03-29 11:46:50,9.02,0,7.48,1.32,80.62,75,0.4,344.52,399.24,2.7,13.97
 2021-03-29 11:46:55,9.02,0,7.48,1.32,80.62,75,0.4,344.52,399.96,2.7,13.97
 2021-03-29 11:47:00,9.02,0,7.48,1.32,80.62,75,0.4,344.52,400.08,2.7,13.97
 2021-03-29 11:47:05,8.85,0,7.48,1.32,80.62,75,0.26,344.52,399.96,2.7,13.97
 2021-03-29 11:47:10,8.85,0,7.65,1.27,80.9,75.3,0.26,344.52,399.76,2.7,13.97
 2021-03-29 11:47:15,8.85,0,7.65,1.27,80.9,75.3,0.26,344.52,399.84,2.7,13.86
 2021-03-29 11:47:20,8.81,0,7.65,1.27,80.9,75.3,0.26,344.22,399.36,2.7,13.86
 2021-03-29 11:47:25,8.81,0,7.65,1.27,80.9,75.3,0.26,344.46,399.78,2.73,13.86
 2021-03-29 11:47:30,8.81,0,7.65,1.27,80.9,75.3,0.26,344.5,399.68,2.73,13.86
 2021-03-29 11:47:35,8.81,0,7.65,1.27,80.9,75.3,0.26,344.28,399.48,2.73,13.86
 2021-03-29 11:47:40,8.81,0,7.65,1.27,80.9,75.3,0.26,344.94,399.4,2.73,13.86
 2021-03-29 11:47:45,8.81,0,7.65,1.27,80.9,75.3,0.26,344.7,399.36,2.73,13.86
 2021-03-29 11:47:50,8.81,0,7.65,1.27,80.9,75.3,0.26,344.86,399.64,2.73,13.86
 2021-03-29 11:47:55,8.81,0,7.65,1.27,80.9,75.3,0.26,344.88,399.96,2.73,13.86
 2021-03-29 11:48:00,8.81,0,7.65,1.27,80.9,75.3,0.26,344.82,399.72,2.73,13.86
 2021-03-29 11:48:05,8.81,0,7.65,1.27,81.3,75.65,0.28,344.76,399.6,2.73,13.86
 2021-03-29 11:48:10,8.81,0,7.66,1.28,81.3,75.65,0.28,344.86,399.56,2.73,13.86
 2021-03-29 11:48:15,8.81,0,7.66,1.28,81.3,75.65,0.28,344.88,400.55,2.73,13.86
 2021-03-29 11:48:20,8.87,0,7.66,1.28,81.3,75.65,0.28,345,399.76,2.73,13.79
 2021-03-29 11:48:25,8.87,0,7.66,1.28,81.3,75.65,0.28,344.94,400.26,2.73,13.79
 2021-03-29 11:48:30,8.87,0,7.66,1.28,81.3,75.65,0.28,345,400.08,2.75,13.79
 2021-03-29 11:48:35,8.87,0,7.66,1.28,81.3,75.65,0.28,345,400.08,2.75,13.79
 2021-03-29 11:48:40,8.87,0,7.66,1.28,81.3,75.65,0.28,345.24,400.08,2.75,13.79
 2021-03-29 11:48:45,8.87,0,7.66,1.28,81.3,75.65,0.28,344.88,400.08,2.75,13.79
 2021-03-29 11:48:50,8.87,0,7.66,1.28,81.3,75.65,0.28,344.94,399.72,2.75,13.79
 2021-03-29 11:48:55,8.87,0,7.66,1.28,81.3,75.65,0.28,345.3,400.02,2.75,13.79
 2021-03-29 11:49:00,8.87,0,7.66,1.28,81.3,75.65,0.28,345,399.96,2.75,13.79
 2021-03-29 11:49:05,8.87,0,7.66,1.28,81.35,75.74,0.27,345.12,399.84,2.75,13.79
 2021-03-29 11:49:10,8.87,0,7.66,1.27,81.35,75.74,0.27,345,399.88,2.75,13.79
 2021-03-29 11:49:15,8.87,0,7.66,1.27,81.35,75.74,0.27,344.76,399.72,2.75,13.79
 2021-03-29 11:49:20,8.93,0,7.66,1.27,81.35,75.74,0.27,344.74,399.92,2.75,13.72
 2021-03-29 11:49:25,8.93,0,7.66,1.27,81.35,75.74,0.27,345.3,399.54,2.75,13.72
 2021-03-29 11:49:30,8.93,0,7.66,1.27,81.35,75.74,0.27,345.14,399.72,2.75,13.72
 2021-03-29 11:49:35,8.93,0,7.66,1.27,81.35,75.74,0.27,345.06,399.6,2.75,13.72
 2021-03-29 11:49:40,8.93,0,7.66,1.27,81.35,75.74,0.27,344.86,399.68,2.75,13.72
 2021-03-29 11:49:45,8.93,0,7.66,1.27,81.35,75.74,0.27,344.52,399.54,2.75,13.72
 2021-03-29 11:49:50,8.93,0,7.66,1.27,81.35,75.74,0.27,345.22,399.72,2.75,13.72
 2021-03-29 11:49:55,8.93,0,7.66,1.27,81.35,75.74,0.27,345.06,399.6,2.75,13.72
 2021-03-29 11:50:00,8.93,0,7.66,1.27,81.35,75.74,0.27,345.3,399.72,2.75,13.72
 2021-03-29 11:50:05,8.93,0,7.66,1.27,81.41,75.82,0.27,345.35,399.72,2.75,13.72
 2021-03-29 11:50:10,8.93,0,7.68,1.27,81.41,75.82,0.27,345.24,399.76,2.75,13.72
 2021-03-29 11:50:15,8.93,0,7.68,1.27,81.41,75.82,0.27,345.24,399.6,2.75,13.72
 2021-03-29 11:50:20,8.92,0,7.68,1.27,81.41,75.82,0.27,345.06,400.12,2.75,13.69
 2021-03-29 11:50:25,8.92,0,7.68,1.27,81.41,75.82,0.27,345.41,399.96,2.75,13.69
 2021-03-29 11:50:30,8.92,0,7.68,1.27,81.41,75.82,0.27,345.33,399.78,2.75,13.69
 2021-03-29 11:50:35,8.92,0,7.68,1.27,81.41,75.82,0.27,344.88,400.08,2.75,13.69
 2021-03-29 11:50:40,8.92,0,7.68,1.27,81.41,75.82,0.27,344.94,400.14,2.75,13.69
 2021-03-29 11:50:45,8.92,0,7.68,1.27,81.41,75.82,0.27,345.41,399.72,2.75,13.69
 2021-03-29 11:50:50,8.86,0,7.68,1.27,81.41,75.82,0.27,345.18,399.96,2.7,13.69
 2021-03-29 11:50:55,8.86,0,7.68,1.27,81.8,75.82,0.27,345.3,399.48,2.7,13.69
 2021-03-29 11:51:00,8.86,0,7.68,1.27,81.65,75.82,0.27,345.18,400.38,2.7,13.69
 2021-03-29 11:51:05,8.86,0,7.68,1.27,81.65,75.82,0.27,345.24,399.9,2.7,13.69
 2021-03-29 11:51:10,8.86,0,7.68,1.26,81.65,76.02,0.28,345.24,400.24,2.7,13.69
 2021-03-29 11:51:15,8.86,0,7.68,1.26,81.65,76.02,0.28,345.3,400.55,2.7,13.69
 2021-03-29 11:51:20,8.86,0,7.68,1.26,81.65,76.02,0.28,345.18,399.9,2.7,13.67
 2021-03-29 11:51:25,8.86,0,7.68,1.26,81.65,76.02,0.28,345.24,400.2,2.7,13.67
 2021-03-29 11:51:30,8.86,0,7.68,1.26,81.65,76.02,0.28,345.35,400.08,2.61,13.67
 2021-03-29 11:51:35,8.86,0,7.68,1.26,81.65,76.02,0.28,345.3,399.6,2.61,13.67
 2021-03-29 11:51:40,8.86,0,7.68,1.26,81.65,76.02,0.28,345.3,399.92,2.61,13.67
 2021-03-29 11:51:45,8.86,0,7.68,1.26,81.65,76.02,0.28,345.47,399.66,2.61,13.67
 2021-03-29 11:51:50,8.99,0,7.68,1.26,81.65,76.02,0.28,345.35,400.24,2.61,13.67
 2021-03-29 11:51:55,8.99,0,7.68,1.26,81.65,76.02,0.28,345.3,399.96,2.61,13.67
 2021-03-29 11:52:00,8.99,0,7.68,1.26,81.83,76.02,0.28,344.94,400.04,2.61,13.67
 2021-03-29 11:52:05,8.99,0,7.68,1.26,81.83,76.02,0.28,344.94,399.72,2.61,13.67
 2021-03-29 11:52:10,8.99,0,7.7,1.27,81.83,76.24,0.29,345.53,399.72,2.61,13.67
 2021-03-29 11:52:15,8.99,0,7.7,1.27,81.83,76.24,0.29,344.94,400.49,2.61,13.67
 2021-03-29 11:52:20,8.99,0,7.7,1.27,81.83,76.24,0.29,345.53,399.92,2.61,13.68
 2021-03-29 11:52:25,8.99,0,7.7,1.27,81.94,76.24,0.29,345.53,400.08,2.61,13.68
 2021-03-29 11:52:30,8.99,0,7.7,1.27,82.07,76.24,0.29,345.41,399.78,2.74,13.68
 2021-03-29 11:52:35,8.99,0,7.7,1.27,82.07,76.24,0.29,345.3,400.67,2.74,13.68
 2021-03-29 11:52:40,8.99,0,7.7,1.27,82.07,76.24,0.29,345.35,400.26,2.74,13.68
 2021-03-29 11:52:45,8.99,0,7.7,1.27,82.07,76.24,0.29,345.35,399.36,2.73,13.68
 2021-03-29 11:52:50,8.99,0,7.7,1.27,82.07,76.24,0.29,345.35,400.08,2.73,13.68
 2021-03-29 11:52:55,8.97,0,7.7,1.27,82.07,76.24,0.29,345.41,400.67,2.73,13.68
 2021-03-29 11:53:00,8.97,0,7.7,1.27,82.07,76.24,0.29,345.47,400.16,2.73,13.68
 2021-03-29 11:53:05,8.97,0,7.7,1.27,82.07,76.24,0.29,345.12,400.02,2.73,13.68
 2021-03-29 11:53:10,8.97,0,7.7,1.27,82.07,76.57,0.3,345.41,400.12,2.73,13.68
 2021-03-29 11:53:15,8.97,0,7.72,1.27,82.07,76.57,0.3,345.18,400.97,2.73,13.68
 2021-03-29 11:53:20,8.97,0,7.72,1.27,82.07,76.57,0.3,345.18,399.92,2.73,13.67
 2021-03-29 11:53:25,8.97,0,7.72,1.27,82.07,76.57,0.3,345.41,400.61,2.73,13.67
 2021-03-29 11:53:30,8.97,0,7.72,1.27,82.1,76.57,0.3,345.18,400.43,2.73,13.67
 2021-03-29 11:53:35,8.97,0,7.72,1.27,82.1,76.57,0.3,345.3,400.26,2.73,13.67
 2021-03-29 11:53:40,8.97,0,7.72,1.27,82.1,76.57,0.3,345.35,400.67,2.73,13.67
 2021-03-29 11:53:45,8.97,0,7.72,1.27,82.1,76.57,0.3,345.3,400.26,2.7,13.67
 2021-03-29 11:53:50,8.97,0,7.72,1.27,82.1,76.57,0.3,345.24,400.14,2.7,13.67
 2021-03-29 11:53:55,8.94,0,7.72,1.27,82.1,76.57,0.3,345.47,400.55,2.7,13.67
 2021-03-29 11:54:00,8.94,0,7.72,1.27,81.94,76.57,0.3,345.3,400.85,2.7,13.67
 2021-03-29 11:54:05,8.94,0,7.72,1.27,96.01,80.3,0.72,345.3,400.2,2.7,13.67
 2021-03-29 11:54:10,8.94,0,7.56,0.9,67.71,68.97,-0.21,345.37,401.21,2.7,13.67
 2021-03-29 11:54:15,7.99,0,7.11,1.02,67.71,63.29,-0.21,345.35,400.26,2.7,13.67
 2021-03-29 11:54:20,7.75,0,7.11,1.02,65.28,61.45,-0.21,345.3,397.42,2.7,13.67
 2021-03-29 11:54:25,7.45,0,6.68,1.02,57.57,56.63,-0.62,345.24,396.5,2.7,13.74
 2021-03-29 11:54:30,6.91,0,6.29,1.02,53.26,50,-0.69,345.18,395.39,2.7,13.74
 2021-03-29 11:54:35,7.32,0,6.29,0.89,58.27,53.08,-0.69,345.41,392.93,2.7,13.74
 2021-03-29 11:54:40,7.41,0,6.29,0.89,59.66,55.29,-0.69,345.3,392.38,2.52,13.74
 2021-03-29 11:54:45,7.41,0,6.29,0.89,60.12,56.06,-0.69,345.3,392.63,2.8,13.74
 2021-03-29 11:54:50,7.41,0,6.29,0.89,60.12,56.06,-0.69,345.02,393.37,2.8,13.74
 2021-03-29 11:54:55,7.41,0,6.29,0.89,60.35,56.28,-0.69,345.18,393.59,2.8,13.74
 2021-03-29 11:55:00,7.41,0,6.29,0.89,60.35,56.28,-0.69,345.22,393.45,2.8,13.74
 2021-03-29 11:55:05,7.41,0,6.29,0.89,60.35,56.28,-0.69,345.41,394.24,2.8,13.74
 2021-03-29 11:55:10,7.41,0,6.29,0.89,60.35,56.28,-0.69,345.24,394.04,2.8,13.74
 2021-03-29 11:55:15,7.41,0,6.29,0.89,60.35,56.28,-0.69,345.24,393.59,2.8,13.74
 2021-03-29 11:55:20,7.41,0,6.29,0.89,60.35,56.28,-0.69,345.18,393.88,2.8,13.74
 2021-03-29 11:55:25,7.41,0,6.29,0.89,60.35,56.28,-0.69,345.24,393.77,2.95,13.74
 2021-03-29 11:55:30,7.41,0,6.29,0.89,60.35,56.28,-0.69,345.24,394.24,2.6,13.74
 2021-03-29 11:55:35,7.41,0,6.57,0.93,60.35,56.28,-0.56,345.41,393.77,2.89,13.74
 2021-03-29 11:55:40,7.44,0,6.57,0.93,60.35,56.28,-0.56,345.22,394.24,2.89,13.74
 2021-03-29 11:55:45,7.44,0,6.57,0.93,60.35,56.28,-0.56,345.12,394.24,2.81,13.74
 2021-03-29 11:55:50,7.44,0,6.57,0.93,60.35,56.28,-0.56,345.35,394,2.9,13.74
 2021-03-29 11:55:55,7.44,0,6.57,0.93,60.35,56.32,-0.56,345.35,393.77,2.9,13.74
 2021-03-29 11:56:00,7.44,0,6.57,0.93,60.35,56.32,-0.56,345.35,393.83,2.9,13.74
 2021-03-29 11:56:05,7.44,0,6.57,0.93,60.35,56.32,-0.56,345.3,394.24,2.9,13.74
 2021-03-29 11:56:10,7.44,0,6.57,0.93,60.35,56.32,-0.56,345.47,394.3,2.9,13.74
 2021-03-29 11:56:15,7.44,0,6.57,0.93,60.35,56.32,-0.56,345.41,394.3,2.9,13.74
 2021-03-29 11:56:20,7.44,0,6.57,0.93,60.35,56.32,-0.56,345.41,394.28,2.9,13.74
 2021-03-29 11:56:25,7.44,0,6.57,0.93,60.35,56.32,-0.56,345.41,394.18,2.9,13.74
 2021-03-29 11:56:30,7.44,0,6.57,0.93,60.2,56.32,-0.56,345.35,394.04,2.96,13.74
 2021-03-29 11:56:35,7.44,0,6.57,0.93,60.2,56.32,-0.56,345.35,393.77,2.87,13.74
 2021-03-29 11:56:40,7.51,0,6.57,0.93,60.2,56.32,-0.56,345.53,394.24,2.87,13.74
 2021-03-29 11:56:45,7.51,0,6.57,0.93,60.2,56.32,-0.56,345.53,394.24,2.78,13.74
 2021-03-29 11:56:50,7.42,0,6.57,0.93,60.2,56.32,-0.56,345.35,394,2.89,13.74
 2021-03-29 11:56:55,7.42,0,6.57,0.93,60.2,56.32,-0.56,345.35,394.06,2.96,13.74
 2021-03-29 11:57:00,7.42,0,6.57,0.93,60.29,56.26,-0.56,345.35,394.24,2.81,13.74
 2021-03-29 11:57:05,7.42,0,6.57,0.93,60.29,56.26,-0.56,345.18,393.88,2.81,13.74
 2021-03-29 11:57:10,7.42,0,6.57,0.93,60.29,56.26,-0.56,345.35,394.3,2.81,13.74
 2021-03-29 11:57:15,7.42,0,6.57,0.93,60.29,56.26,-0.56,345.59,394.3,2.81,13.74
 2021-03-29 11:57:20,7.42,0,6.57,0.93,60.29,56.26,-0.56,345.35,394.3,2.75,13.74
 2021-03-29 11:57:25,7.42,0,6.57,0.93,60.24,56.26,-0.56,345.35,394.3,2.94,13.72
 2021-03-29 11:57:30,7.42,0,6.57,0.93,60.24,56.26,-0.56,345.35,394.36,2.83,13.72
 2021-03-29 11:57:35,7.42,0,6.57,0.93,60.24,56.18,-0.56,345.41,394.36,2.83,13.72
 2021-03-29 11:57:40,7.42,0,6.56,0.93,60.24,56.18,-0.55,345.35,394.36,2.65,13.72
 2021-03-29 11:57:45,7.42,0,6.56,0.93,60.24,56.18,-0.55,345.3,394.06,2.94,13.72
 2021-03-29 11:57:50,7.42,0,6.56,0.93,60.18,56.18,-0.55,345.35,394.18,2.86,13.72
 2021-03-29 11:57:55,7.51,0,6.56,0.93,60.18,56.18,-0.55,345.3,394.18,2.86,13.72
 2021-03-29 11:58:00,7.51,0,6.56,0.93,60.12,56.18,-0.55,345.37,394.06,2.86,13.72
 2021-03-29 11:58:05,7.51,0,6.56,0.93,60.24,56.18,-0.55,345.18,394.06,2.86,13.72
 2021-03-29 11:58:10,7.51,0,6.56,0.93,60.24,56.18,-0.55,345.3,393.81,2.82,13.72
 2021-03-29 11:58:15,7.51,0,6.56,0.93,60.24,56.18,-0.55,345.3,394.12,2.82,13.72
 2021-03-29 11:58:20,7.51,0,6.56,0.93,60.24,56.18,-0.55,345.06,394.06,2.82,13.72
 2021-03-29 11:58:25,7.51,0,6.56,0.93,60.12,56.18,-0.55,345.18,394.06,2.82,13.72
 2021-03-29 11:58:30,7.51,0,6.56,0.93,60.12,56.18,-0.55,345.12,393.84,2.82,13.72
 2021-03-29 11:58:35,7.51,0,6.56,0.93,60.12,56.19,-0.55,345.06,393.83,2.82,13.72
 2021-03-29 11:58:40,7.51,0,6.57,0.93,60.12,56.19,-0.56,345,393.65,2.91,13.72
 2021-03-29 11:58:45,7.51,0,6.57,0.93,60.12,56.19,-0.56,344.94,393.41,2.84,13.72
 2021-03-29 11:58:50,7.51,0,6.57,0.93,60.12,56.13,-0.56,345.14,394,2.84,13.72
 2021-03-29 11:58:55,7.46,0,6.57,0.93,60.12,56.13,-0.56,345.18,394,2.84,13.72
 2021-03-29 11:59:00,7.46,0,6.57,0.93,60.12,56.13,-0.56,345,393.81,2.84,13.72
 2021-03-29 11:59:05,7.46,0,6.57,0.93,60.12,56.13,-0.56,345,393.94,2.84,13.72
 2021-03-29 11:59:10,7.46,0,6.57,0.93,60.3,56.13,-0.56,345.06,393.81,2.84,13.72
 2021-03-29 11:59:15,7.46,0,6.57,0.93,60.35,56.13,-0.56,345.12,393.88,2.76,13.72
 2021-03-29 11:59:20,7.46,0,6.57,0.93,60.24,56.13,-0.56,345.12,393.88,2.68,13.72
 2021-03-29 11:59:25,7.46,0,6.57,0.93,60.24,56.13,-0.56,345.24,394,2.68,13.72
 2021-03-29 11:59:30,7.46,0,6.57,0.93,60.24,56.13,-0.56,345.18,393.88,2.68,13.72
 2021-03-29 11:59:35,7.46,0,6.57,0.93,60.24,56.13,-0.56,345.24,394,2.68,13.72
 2021-03-29 11:59:40,7.46,0,6.58,0.93,60.24,56.13,-0.55,345.18,394.24,2.68,13.72
 2021-03-29 11:59:45,7.46,0,6.58,0.93,60.24,56.13,-0.55,345.3,393.94,2.68,13.72
 2021-03-29 11:59:50,7.46,0,6.58,0.93,60.24,56.27,-0.55,345.35,393.94,2.68,13.72
 2021-03-29 11:59:55,7.42,0,6.58,0.93,60.24,56.27,-0.55,345.35,394,2.68,13.72
 2021-03-29 12:00:00,7.42,0,6.58,0.93,60.24,56.27,-0.55,345.41,393.92,2.68,13.72
 2021-03-29 12:00:05,7.42,0,6.58,0.93,60.24,56.27,-0.55,345.3,393.94,2.68,13.72
 2021-03-29 12:00:10,7.42,0,6.58,0.93,60.24,56.27,-0.55,345.35,393.81,2.68,13.72
 2021-03-29 12:00:15,7.42,0,6.58,0.93,60.24,56.27,-0.55,345.41,393.88,2.71,13.72
 2021-03-29 12:00:20,7.42,0,6.58,0.93,60.24,56.27,-0.55,345.24,393.81,2.71,13.72
 2021-03-29 12:00:25,7.42,0,6.58,0.93,60.24,56.27,-0.55,345.18,393.94,2.71,13.72
 2021-03-29 12:00:30,7.42,0,6.58,0.93,60.24,56.27,-0.55,345.26,393.84,2.71,13.7
 2021-03-29 12:00:35,7.42,0,6.58,0.93,60.24,56.27,-0.55,345.3,393.94,2.71,13.7
 2021-03-29 12:00:40,7.42,0,6.58,0.93,60.24,56.27,-0.55,345.26,393.92,2.88,13.7
 2021-03-29 12:00:45,7.42,0,6.57,0.93,60.24,56.27,-0.57,345.18,393.77,2.88,13.7
 2021-03-29 12:00:50,7.42,0,6.57,0.93,60.24,56.23,-0.57,345.24,393.57,2.88,13.7
 2021-03-29 12:00:55,7.42,0,6.57,0.93,60.24,56.23,-0.57,345.06,394.06,2.88,13.7
 2021-03-29 12:01:00,7.32,0,6.57,0.93,57.52,54.64,-0.57,345.26,393.77,2.88,13.7
 2021-03-29 12:01:05,7.04,0,6.57,0.93,53.59,51.11,-0.57,345.41,393.77,2.88,13.7
 2021-03-29 12:01:10,7.04,0,6.57,0.93,51.33,48.75,-0.57,345.24,392.93,2.88,13.7
 2021-03-29 12:01:15,6.71,0,6.57,0.93,49.26,46.86,-0.57,345.12,391.38,2.88,13.7
 2021-03-29 12:01:20,6.46,0,6.57,0.93,46.75,44.72,-0.57,345.24,390.79,2.88,13.7
 2021-03-29 12:01:25,6.3,0,6.57,0.93,43.8,41.87,-0.57,345.24,390.07,2.88,13.7
 2021-03-29 12:01:30,6.17,0,6.57,0.93,42.19,40.2,-0.57,345.3,389.36,2.88,13.83
 2021-03-29 12:01:35,6.17,0,6.57,0.93,41,38.54,-0.57,345.59,388.11,2.88,13.83
 2021-03-29 12:01:40,5.95,0,6.57,0.93,41.16,38.88,-0.57,345.59,386.98,2.96,13.83
 2021-03-29 12:01:45,5.95,0,5.42,0.62,41.16,38.61,-1.1,345.41,386.98,2.96,13.83
 2021-03-29 12:01:50,5.95,0,5.42,0.62,40.77,38.61,-1.1,344.9,386.54,2.96,13.83
 2021-03-29 12:01:55,5.95,0,5.42,0.62,40.77,38.61,-1.1,345.41,386.5,2.96,13.83
 2021-03-29 12:02:00,5.95,0,5.42,0.62,40.77,38.61,-1.1,345.33,386.2,2.96,13.83
 2021-03-29 12:02:05,5.95,0,5.42,0.62,40.77,38.61,-1.1,345.35,385.91,2.96,13.83
 2021-03-29 12:02:10,5.95,0,5.42,0.62,40.77,38.61,-1.1,345.3,386.22,2.96,13.83
 2021-03-29 12:02:15,5.95,0,5.42,0.62,40.77,38.61,-1.1,345.53,386.32,2.96,13.83
 2021-03-29 12:02:20,5.95,0,5.42,0.62,40.74,38.61,-1.1,345.45,386.26,2.96,13.83
 2021-03-29 12:02:25,5.95,0,5.42,0.62,40.9,38.61,-1.1,345.53,386.14,2.96,13.83
 2021-03-29 12:02:30,5.95,0,5.42,0.62,40.61,38.61,-1.1,345.3,386.14,2.96,13.91
 2021-03-29 12:02:35,5.95,0,5.42,0.62,40.98,38.39,-1.1,345.53,386.02,2.96,13.91
 2021-03-29 12:02:40,6.07,0,5.42,0.62,41.22,38.82,-1.1,345.41,386.14,3.25,13.91
 2021-03-29 12:02:45,6.07,0,5.43,0.62,40.88,38.68,-1.1,345.53,386.32,3.25,13.91
 2021-03-29 12:02:50,6.07,0,5.43,0.62,40.88,38.5,-1.1,345.77,386.26,3.25,13.91
 2021-03-29 12:02:55,6.07,0,5.43,0.62,40.8,38.5,-1.1,345.71,386.38,3.25,13.91
 2021-03-29 12:03:00,6.07,0,5.43,0.62,40.86,38.5,-1.1,345.77,386.32,3.25,13.91
 2021-03-29 12:03:05,6.07,0,5.43,0.62,40.86,38.5,-1.1,345.65,387.22,3.25,13.91
 2021-03-29 12:03:10,6.07,0,5.43,0.62,40.96,38.5,-1.1,345.77,386.38,3.25,13.91
 2021-03-29 12:03:15,6.07,0,5.43,0.62,40.92,38.64,-1.1,345.65,386.26,3.25,13.91
 2021-03-29 12:03:20,6.07,0,5.43,0.62,40.92,38.56,-1.1,345.57,386.32,3.25,13.91
 2021-03-29 12:03:25,6.07,0,5.43,0.62,40.92,38.56,-1.1,345.89,386.38,3.25,13.91
 2021-03-29 12:03:30,6.07,0,5.43,0.62,40.64,38.47,-1.1,345.89,386.32,3.25,13.91
 2021-03-29 12:03:35,6.07,0,5.43,0.62,40.59,38.34,-1.1,345.89,386.26,3.25,13.87
 2021-03-29 12:03:40,5.96,0,5.43,0.62,40.94,38.64,-1.1,345.77,386.08,3.31,13.87
 2021-03-29 12:03:45,5.96,0,5.43,0.62,40.98,38.75,-1.1,345.77,386.14,3.31,13.87
 2021-03-29 12:03:50,5.96,0,5.42,0.61,39.89,37.99,-1.1,345.77,386.08,3.31,13.87
 2021-03-29 12:03:55,5.96,0,5.42,0.61,40.07,37.56,-1.1,345.35,386.62,3.31,13.87
 2021-03-29 12:04:00,5.91,0,5.42,0.61,40.57,38.11,-1.1,345.73,386.14,3.31,13.87
 2021-03-29 12:04:05,5.91,0,5.42,0.61,41.1,38.66,-1.1,345.73,385.85,3.31,13.87
 2021-03-29 12:04:10,5.91,0,5.42,0.61,40.95,38.66,-1.1,345.77,386.22,3.31,13.87
 2021-03-29 12:04:15,5.91,0,5.42,0.61,40.95,38.66,-1.1,345.24,386.08,3.31,13.87
 2021-03-29 12:04:20,5.91,0,5.42,0.61,40.82,38.66,-1.1,345.57,386.2,3.31,13.87
 2021-03-29 12:04:25,5.91,0,5.42,0.61,40.74,38.57,-1.1,345.53,386.38,3.31,13.87
 2021-03-29 12:04:30,5.91,0,5.42,0.61,40.58,38.31,-1.1,345.41,386.34,3.31,13.87
 2021-03-29 12:04:35,5.91,0,5.42,0.61,40.92,38.52,-1.1,345.41,386.08,3.31,13.86
 2021-03-29 12:04:40,5.91,0,5.42,0.61,40.75,38.58,-1.1,345.49,386.26,3.32,13.86
 2021-03-29 12:04:45,5.91,0,5.42,0.61,40.92,38.69,-1.1,345.06,386.38,3.32,13.86
 2021-03-29 12:04:50,5.91,0,5.41,0.62,40.92,38.69,-1.09,345.22,386.32,3.32,13.86
 2021-03-29 12:04:55,5.91,0,5.41,0.62,40.92,38.69,-1.09,345.35,386.32,3.32,13.86
 2021-03-29 12:05:00,6.03,0,5.41,0.62,40.82,38.69,-1.09,345.3,386.32,3.32,13.86
 2021-03-29 12:05:05,6.03,0,5.41,0.62,40.44,38.21,-1.09,345.53,386.14,3.32,13.86
 2021-03-29 12:05:10,6.03,0,5.41,0.62,39.48,37.57,-1.09,345.35,386.38,3.32,13.86
 2021-03-29 12:05:15,6.03,0,5.41,0.62,38.19,36.53,-1.09,345.53,386.38,3.32,13.86
 2021-03-29 12:05:20,6.03,0,5.41,0.62,37.22,35.51,-1.09,345.47,385.79,3.32,13.86
 2021-03-29 12:05:25,6.03,0,5.41,0.62,36.43,34.72,-1.09,345.65,385.31,3.32,13.86
 2021-03-29 12:05:30,6.03,0,5.41,0.62,36.22,34.32,-1.09,345.65,384.54,3.32,13.86
 2021-03-29 12:05:35,6.03,0,5.41,0.62,35.89,34.1,-1.09,345.3,384.54,3.32,13.86
 2021-03-29 12:05:40,5.5,0,5.41,0.62,35.01,33.42,-1.09,345.3,384.12,3.21,13.89
 2021-03-29 12:05:45,5.5,0,5.41,0.62,34.42,32.72,-1.09,345.3,384,3.21,13.89
 2021-03-29 12:05:50,5.5,0,4.97,0.51,34.08,32.42,-1.24,345.3,383.88,3.21,13.89
 2021-03-29 12:05:55,5.5,0,4.97,0.51,34.11,32.22,-1.24,345.3,383.17,3.21,13.89
 2021-03-29 12:06:00,5.5,0,4.97,0.51,34.67,32.57,-1.24,345.18,382.97,3.21,13.89
 2021-03-29 12:06:05,5.5,0,4.97,0.51,35.11,33,-1.24,345.3,382.87,3.21,13.89
 2021-03-29 12:06:10,5.5,0,4.97,0.51,34.71,32.86,-1.24,345.3,382.73,3.21,13.89
 2021-03-29 12:06:15,5.52,0,4.97,0.51,34.57,33.01,-1.24,345.24,383.11,3.21,13.89
 2021-03-29 12:06:20,5.52,0,4.97,0.51,34.21,32.47,-1.24,345.37,383.4,3.21,13.89
 2021-03-29 12:06:25,5.52,0,4.97,0.51,34.76,32.54,-1.24,345.06,383.4,3.21,13.89
 2021-03-29 12:06:30,5.52,0,4.97,0.51,35.74,33.56,-1.24,345.49,383.58,3.21,13.89
 2021-03-29 12:06:35,5.64,0,4.97,0.51,36.28,34.3,-1.24,345.65,383.88,3.21,13.89
 2021-03-29 12:06:40,5.64,0,4.97,0.51,36.28,34.3,-1.24,345.57,384.18,3.42,13.91
 2021-03-29 12:06:45,5.64,0,4.97,0.51,36.28,34.3,-1.24,345.53,384.18,3.42,13.91
 2021-03-29 12:06:50,5.44,0,5.09,0.55,35.31,33.38,-1.27,345.53,384.18,3.42,13.91
 2021-03-29 12:06:55,5.56,0,5.09,0.55,36.11,34.19,-1.27,345.3,384.18,3.42,13.91
 2021-03-29 12:07:00,5.71,0,5.09,0.55,36.68,34.58,-1.27,345.53,384.3,3.42,13.91
 2021-03-29 12:07:05,5.71,0,5.09,0.55,36.25,34.51,-1.27,345.65,384.6,3.42,13.91
 2021-03-29 12:07:10,5.71,0,5.09,0.55,36.49,34.55,-1.27,345.65,384.65,3.42,13.91
 2021-03-29 12:07:15,5.71,0,5.09,0.55,36.44,34.55,-1.27,345.65,384.95,3.42,13.91
 2021-03-29 12:07:20,5.71,0,5.09,0.55,36.32,34.55,-1.27,345.65,384.83,3.42,13.91
 2021-03-29 12:07:25,5.71,0,5.09,0.55,36.32,34.55,-1.27,345.65,384.48,3.42,13.91
 2021-03-29 12:07:30,5.71,0,5.09,0.55,36.18,34.55,-1.27,345.65,384.48,3.42,13.91
 2021-03-29 12:07:35,5.71,0,5.09,0.55,36.18,34.55,-1.27,345.65,384.48,3.42,13.91
 2021-03-29 12:07:40,5.71,0,5.09,0.55,36.26,34.55,-1.27,345.65,384.56,3.42,13.93
 2021-03-29 12:07:45,5.71,0,5.09,0.55,36.49,34.55,-1.27,345.65,384.95,3.4,13.93
 2021-03-29 12:07:50,5.71,0,5.12,0.55,36.49,34.55,-1.18,345.71,384.48,3.4,13.93
 2021-03-29 12:07:55,5.71,0,5.12,0.55,36.72,34.79,-1.18,345.59,384.3,3.4,13.93
 2021-03-29 12:08:00,5.6,0,5.12,0.55,36.47,34.56,-1.18,345.53,384.6,3.4,13.93
 2021-03-29 12:08:05,5.6,0,5.12,0.55,36.66,34.57,-1.18,345.3,384.18,3.4,13.93
 2021-03-29 12:08:10,5.6,0,5.12,0.55,36.71,34.71,-1.18,345.47,384.56,3.4,13.93
 2021-03-29 12:08:15,5.6,0,5.12,0.55,36.55,34.71,-1.18,345.65,384.71,3.4,13.93
 2021-03-29 12:08:20,5.6,0,5.12,0.55,36.55,34.71,-1.18,345.53,384.12,3.4,13.93
 2021-03-29 12:08:25,5.6,0,5.12,0.55,36.17,34.34,-1.18,345.41,384.83,3.4,13.93
 2021-03-29 12:08:30,5.35,0,5.12,0.55,33.89,32.65,-1.18,345.57,384.48,3.4,13.93
 2021-03-29 12:08:35,5.35,0,5.12,0.55,34.09,32.29,-1.18,345.47,384.36,3.4,13.93
 2021-03-29 12:08:40,5.3,0,5.12,0.55,33.35,31.69,-1.18,345.61,383.46,3.4,13.98
 2021-03-29 12:08:45,5.3,0,5.12,0.55,34.22,32.34,-1.18,345.59,383.52,3.34,13.98
 2021-03-29 12:08:50,5.3,0,4.95,0.51,34.22,32.34,-1.23,345.53,382.93,3.34,13.98
 2021-03-29 12:08:55,5.3,0,4.95,0.51,34.35,32.34,-1.23,345.47,384.24,3.34,13.98
 2021-03-29 12:09:00,5.3,0,4.95,0.51,34,32.39,-1.23,345.49,383.52,3.34,13.98
 2021-03-29 12:09:05,5.3,0,4.95,0.51,33.83,32.23,-1.23,345.59,382.81,3.34,13.98
 2021-03-29 12:09:10,5.3,0,4.95,0.51,33.83,32.23,-1.23,345.77,383.94,3.34,13.98
 2021-03-29 12:09:15,5.3,0,4.95,0.51,33.83,32.23,-1.23,345.77,382.87,3.34,13.98
 2021-03-29 12:09:20,5.3,0,4.95,0.51,33.86,32.31,-1.23,345.89,382.85,3.34,13.98
 2021-03-29 12:09:25,5.3,0,4.95,0.51,34.36,32.49,-1.23,345.53,382.45,3.34,13.98
 2021-03-29 12:09:30,5.3,0,4.95,0.51,34.15,32.35,-1.23,345.81,382.93,3.34,13.98
 2021-03-29 12:09:35,5.3,0,4.95,0.51,34.08,32.35,-1.23,345.12,382.81,3.34,13.98
 2021-03-29 12:09:40,5.48,0,4.95,0.51,33.86,32.16,-1.23,345.61,382.77,3.34,14
 2021-03-29 12:09:45,5.48,0,4.95,0.51,34.57,32.55,-1.23,345.59,382.87,3.45,14
 2021-03-29 12:09:50,5.48,0,4.96,0.51,34.31,32.56,-1.23,345.02,382.81,3.45,14
 2021-03-29 12:09:55,5.48,0,4.96,0.51,34.23,32.56,-1.23,345.06,383.23,3.45,14
 2021-03-29 12:10:00,5.48,0,4.96,0.51,34.49,32.58,-1.23,344.78,382.97,3.45,14
 2021-03-29 12:10:05,5.48,0,4.96,0.51,34.49,32.58,-1.23,344.88,383.11,3.45,14
 2021-03-29 12:10:10,5.48,0,4.96,0.51,34.08,32.58,-1.23,344.86,383.01,3.45,14
 2021-03-29 12:10:15,5.48,0,4.96,0.51,34.38,32.55,-1.23,344.88,383.01,3.45,14
 2021-03-29 12:10:20,5.48,0,4.96,0.51,34.38,32.55,-1.23,345.22,383.01,3.45,14
 2021-03-29 12:10:25,5.48,0,4.96,0.51,34.42,32.55,-1.23,345.18,383.01,3.45,14
 2021-03-29 12:10:30,5.48,0,4.96,0.51,34.07,32.42,-1.23,345.06,383.01,3.45,14
 2021-03-29 12:10:35,5.48,0,4.96,0.51,34.53,32.64,-1.23,345.35,383.01,3.45,14
 2021-03-29 12:10:40,5.47,0,4.96,0.51,34.53,32.64,-1.23,345,383.01,3.45,13.98
 2021-03-29 12:10:45,5.47,0,4.96,0.51,34.58,32.64,-1.23,344.94,383.01,3.47,13.98
 2021-03-29 12:10:50,5.47,0,4.96,0.51,35.03,33.08,-1.23,345.12,383.44,3.47,13.98
 2021-03-29 12:10:55,5.47,0,5.01,0.52,34.87,33.37,-1.2,345.18,383.52,3.47,13.98
 2021-03-29 12:11:00,5.47,0,5.01,0.52,34.81,33.12,-1.2,345.18,383.34,3.47,13.98
 2021-03-29 12:11:05,5.54,0,5.01,0.52,35.09,33.12,-1.2,345.18,383.94,3.47,13.98
 2021-03-29 12:11:10,5.54,0,5.01,0.52,35.04,33.12,-1.2,345.18,383.8,3.47,13.98
 2021-03-29 12:11:15,5.54,0,5.01,0.52,35.04,33.12,-1.2,345.18,383.58,3.47,13.98
 2021-03-29 12:11:20,5.54,0,5.01,0.52,34.91,33,-1.2,345.35,383.23,3.47,13.98
 2021-03-29 12:11:25,5.55,0,5.01,0.52,35.33,33.32,-1.2,345.89,382.93,3.47,13.98
 2021-03-29 12:11:30,5.55,0,5.01,0.52,35.04,33.32,-1.2,346.09,383.23,3.47,13.98
 2021-03-29 12:11:35,5.55,0,5.01,0.52,35.04,33.32,-1.2,347.08,384.06,3.47,13.98
 2021-03-29 12:11:40,5.55,0,5.01,0.52,35.04,33.32,-1.2,347.2,383.84,3.47,13.98
 2021-03-29 12:11:45,5.55,0,5.01,0.52,34.81,33.04,-1.2,347.5,383.7,3.47,14
 2021-03-29 12:11:50,5.55,0,5.01,0.52,34.95,33.04,-1.2,348.39,383.29,3.45,14
 2021-03-29 12:11:55,5.55,0,5,0.53,35.33,33.35,-1.2,350.59,384.12,3.45,14
 2021-03-29 12:12:00,5.55,0,5,0.53,35.28,33.35,-1.2,357.68,383.46,3.45,14
 2021-03-29 12:12:05,5.55,0,5,0.53,35.05,33.32,-1.2,371.2,383.64,3.32,14
 2021-03-29 12:12:10,5.55,0,5,0.53,34.93,33.32,-1.2,387.77,384.44,3.47,14
 2021-03-29 12:12:15,5.55,0,5,0.53,34.58,32.85,-1.2,410.14,386.74,3.47,14
 2021-03-29 12:12:20,5.55,0,5,0.53,34.31,32.49,-1.2,462.72,391.03,3.47,14
 2021-03-29 12:12:25,5.55,0,5,0.53,34.37,32.49,-1.2,531.14,397.34,3.47,14
 2021-03-29 12:12:30,5.37,0,5,0.53,34.03,32.38,-1.2,604.48,410.32,3.47,14
 2021-03-29 12:12:35,5.37,0,5,0.53,33.95,32.38,-1.2,700.55,433.3,3.47,14
 2021-03-29 12:12:40,5.37,0,5,0.53,33.83,32.38,-1.2,757.47,466.17,3.47,14
 2021-03-29 12:12:45,5.37,0,5,0.53,33.76,31.96,-1.2,796.42,512.98,3.47,14.01
 2021-03-29 12:12:50,5.37,0,5,0.53,33.76,32.24,-1.2,819.84,571.65,3.47,14.01
 2021-03-29 12:12:55,5.24,0,4.94,0.39,33.71,32.16,-1.34,818.57,622.66,3.47,14.01
 2021-03-29 12:13:00,5.27,0,4.94,0.39,33.59,31.99,-1.34,802.37,702.53,3.47,14.01
 2021-03-29 12:13:05,5.27,0,4.94,0.39,33.78,32.16,-1.34,773.13,764.74,3.47,14.01
 2021-03-29 12:13:10,5.27,0,4.94,0.39,34.27,32.18,-1.34,745.76,808.64,3.76,14.01
 2021-03-29 12:13:15,5.27,0,4.94,0.39,35.09,32.99,-1.34,713.82,835.12,4.05,14.01
 2021-03-29 12:13:20,5.27,0,4.94,0.39,35.39,33.45,-1.34,675.42,842.46,4.42,14.01
 2021-03-29 12:13:25,5.27,0,4.94,0.39,34.94,33.32,-1.34,642.73,840.9,5,14.01
 2021-03-29 12:13:30,5.27,0,4.94,0.39,34.98,33.16,-1.34,608.81,826.74,5.91,14.01
 2021-03-29 12:13:35,5.27,0,4.94,0.39,35.1,33.36,-1.34,582.94,805.76,7.05,14.01
 2021-03-29 12:13:40,5.27,0,4.94,0.39,34.95,33.24,-1.34,559.5,778.71,8.52,14.01
 2021-03-29 12:13:45,5.27,0,4.94,0.39,34.95,33.24,-1.34,541.62,745.62,9.63,14.13
 2021-03-29 12:13:50,5.27,0,4.94,0.39,34.86,33.24,-1.34,528.58,716.98,11.01,14.13
 2021-03-29 12:13:55,5.27,0,4.94,0.39,34.46,32.69,-1.34,519.23,689.71,12.36,14.13
 2021-03-29 12:14:00,5.48,0,4.99,0.49,34.46,32.57,-1.22,507.5,659.5,13.09,14.13
 2021-03-29 12:14:05,5.48,0,4.99,0.49,34.77,32.8,-1.22,499.58,633.91,13.66,14.13
 2021-03-29 12:14:10,5.48,0,4.99,0.49,34.6,32.8,-1.22,491.42,611.86,13.66,14.13
 2021-03-29 12:14:15,5.48,0,4.99,0.49,34.71,32.8,-1.22,482.07,590.86,13.68,14.13
 2021-03-29 12:14:20,5.48,0,4.99,0.49,34.79,33,-1.22,473.24,577.96,13.35,14.13
 2021-03-29 12:14:25,5.48,0,4.99,0.49,34.79,33,-1.22,464.39,567.94,12.85,14.13
 2021-03-29 12:14:30,5.48,0,4.99,0.49,34.79,33,-1.22,452.84,557.4,12.01,14.13
 2021-03-29 12:14:35,5.48,0,4.99,0.49,34.91,33,-1.22,443.01,550.19,11.81,14.13
 2021-03-29 12:14:40,5.48,0,4.99,0.49,38.09,34.54,-0.96,432.03,540.49,11.12,14.13
 2021-03-29 12:14:45,6.65,0,5.5,0.82,54.81,45.05,-0.45,420.56,530.6,11.12,15.98
 2021-03-29 12:14:50,8.19,0,6.51,1.09,67.6,59.79,0.1,406.98,521.15,9.91,16.35
 2021-03-29 12:14:55,8.19,0,6.95,1.09,70.07,64.49,0.1,399.72,517.03,9.01,16.75
 2021-03-29 12:15:00,8.19,0,6.95,1.09,70.38,65.4,0.1,390.11,509.09,7.89,17.21
 2021-03-29 12:15:05,8.19,0,6.95,1.09,70.38,65.4,0.1,384.3,498.86,6.65,17.64
 2021-03-29 12:15:10,8.19,0,6.95,1.09,70.38,65.4,0.1,380.78,486.3,5.52,18.05
 2021-03-29 12:15:15,8.19,0,6.95,1.09,70.38,65.4,0.1,377.03,476.65,4.85,18.39
 2021-03-29 12:15:20,8.19,0,6.95,1.09,70.38,65.4,0.1,375.31,469.23,4.41,18.68
 2021-03-29 12:15:25,8.19,0,6.95,1.09,70.38,65.4,0.1,373.34,462.48,4.09,18.68
 2021-03-29 12:15:30,8.19,0,6.95,1.09,70.38,65.4,0.1,371.34,458.19,3.85,18.68
 2021-03-29 12:15:35,8.19,0,6.95,1.09,70.38,65.4,0.1,368.76,454.74,3.85,18.68
 2021-03-29 12:15:40,8.19,0,6.95,1.09,70.38,65.4,0.1,367.72,450.81,3.85,18.68
 2021-03-29 12:15:45,8.19,0,6.95,1.09,70.38,65.4,0.1,364.83,449.32,3.85,18.68
 2021-03-29 12:15:50,8.19,0,6.95,1.37,70.38,65.4,0.47,364.79,447.79,3.85,18.68
 2021-03-29 12:15:55,8.56,0,7.21,1.37,70.38,65.4,0.47,363.16,446.46,3.85,18.68
 2021-03-29 12:16:00,8.56,0,7.21,1.37,70.81,65.92,0.47,362.72,444.5,3.85,18.68
 2021-03-29 12:16:05,8.56,0,7.21,1.37,70.81,65.92,0.47,362.21,442.59,3.85,18.68
 2021-03-29 12:16:10,8.56,0,7.21,1.37,70.81,65.92,0.47,361.49,442.12,3.85,18.68
 2021-03-29 12:16:15,8.56,0,7.21,1.37,70.81,65.92,0.47,361.13,440.03,3.85,18.68
 2021-03-29 12:16:20,8.56,0,7.21,1.37,70.81,65.92,0.47,359.82,439.02,3.85,18.68
 2021-03-29 12:16:25,8.56,0,7.21,1.37,70.7,65.92,0.47,358.04,437.53,3.85,20.24
 2021-03-29 12:16:30,8.56,0,7.21,1.37,70.35,65.63,0.47,358.04,436.64,3.02,20.24
 2021-03-29 12:16:35,8.56,0,7.21,1.37,70.35,65.63,0.47,357.38,434.73,3.02,20.24
 2021-03-29 12:16:40,8.56,0,7.21,1.37,70.35,65.63,0.47,357.36,434.08,3.02,20.24
 2021-03-29 12:16:45,8.56,0,7.21,1.37,70.35,65.63,0.47,356.79,432.41,3.02,20.24
 2021-03-29 12:16:50,8.56,0,7.21,1.32,70.35,65.63,0.3,356.09,429.29,3.02,20.24
 2021-03-29 12:16:55,8.47,0,7.19,1.32,70.35,65.63,0.3,355.89,426.93,3.02,20.24
 2021-03-29 12:17:00,8.47,0,7.19,1.32,70.18,65.55,0.3,355,425.27,3.02,20.24
 2021-03-29 12:17:05,8.47,0,7.19,1.32,70.18,65.42,0.3,355.42,423.12,3.02,20.24
 2021-03-29 12:17:10,8.47,0,7.19,1.32,70.18,65.42,0.3,355.48,421.2,3.02,20.24
 2021-03-29 12:17:15,8.47,0,7.19,1.32,70.18,65.42,0.3,354.7,419.19,3.02,20.24
 2021-03-29 12:17:20,8.47,0,7.19,1.32,70.18,65.42,0.3,354.54,416.71,3.02,20.24
 2021-03-29 12:17:25,8.47,0,7.19,1.32,70.18,65.42,0.3,354.35,415.5,3.02,18.9
 2021-03-29 12:17:30,8.47,0,7.19,1.32,70.18,65.42,0.3,353.99,414.29,3.02,18.9
 2021-03-29 12:17:35,8.47,0,7.19,1.32,70.2,65.42,0.3,354.64,411.75,2.68,18.9
 2021-03-29 12:17:40,8.47,0,7.19,1.32,70.2,65.42,0.3,353.87,411.71,2.68,18.9
 2021-03-29 12:17:45,8.47,0,7.19,1.32,70.2,65.42,0.3,354.52,410.91,2.68,18.9
 2021-03-29 12:17:50,8.47,0,7.19,1.19,70.2,65.42,0,353.81,409.64,2.68,18.9
 2021-03-29 12:17:55,8.28,0,7.15,1.19,70.2,65.42,0,354.11,408.65,2.68,18.9
 2021-03-29 12:18:00,8.28,0,7.15,1.19,70.2,65.42,0,354.07,406.47,2.68,18.9
 2021-03-29 12:18:05,8.28,0,7.15,1.19,70.2,65.6,0,353.69,405.85,2.68,18.9
 2021-03-29 12:18:10,8.28,0,7.15,1.19,70.2,65.6,0,353.27,406.71,2.68,18.9
 2021-03-29 12:18:15,8.28,0,7.15,1.19,70.23,65.53,0,353.21,406.69,2.68,18.9
 2021-03-29 12:18:20,8.28,0,7.15,1.19,70.23,65.53,0,353.35,406.03,2.68,18.9
 2021-03-29 12:18:25,8.28,0,7.15,1.19,70.23,65.53,0,353.75,406.51,2.68,16.46
 2021-03-29 12:18:30,8.28,0,7.15,1.19,70.23,65.53,0,353.71,405.64,2.49,16.46
 2021-03-29 12:18:35,8.28,0,7.15,1.19,70.23,65.53,0,353.27,404.31,2.49,16.46
 2021-03-29 12:18:40,8.28,0,7.15,1.19,70.23,65.53,0,353.57,404.88,2.49,16.46
 2021-03-29 12:18:45,8.28,0,7.15,1.19,70.23,65.53,0,353.57,404.72,2.49,16.46
 2021-03-29 12:18:50,8.28,0,7.15,1.14,70.25,65.53,-0.14,352.98,404.36,2.49,16.46
 2021-03-29 12:18:55,8.23,0,7.13,1.14,70.25,65.53,-0.14,352.68,404.54,2.49,16.46
 2021-03-29 12:19:00,8.23,0,7.13,1.14,70.25,65.53,-0.14,352.96,404.6,2.49,16.46
 2021-03-29 12:19:05,8.23,0,7.13,1.14,70.25,65.53,-0.14,352.98,404.01,2.49,16.46
 2021-03-29 12:19:10,8.23,0,7.13,1.14,70.25,65.53,-0.14,352.98,404.25,2.49,16.46
 2021-03-29 12:19:15,8.23,0,7.13,1.14,70.25,65.53,-0.14,353.16,404.48,2.49,16.46
 2021-03-29 12:19:20,8.23,0,7.13,1.14,70.25,65.47,-0.14,353.39,404.01,2.49,16.46
 2021-03-29 12:19:25,8.23,0,7.13,1.14,70.25,65.47,-0.14,353.16,404.01,2.49,16.46
 2021-03-29 12:19:30,8.23,0,7.13,1.14,70.25,65.47,-0.14,353.1,404.01,2.4,15.1
 2021-03-29 12:19:35,8.23,0,7.13,1.14,70.25,65.47,-0.14,353.39,404.01,2.4,15.1
 2021-03-29 12:19:40,8.23,0,7.13,1.14,70.25,65.47,-0.14,353.55,403.85,2.4,15.1
 2021-03-29 12:19:45,8.23,0,7.13,1.14,70.25,65.47,-0.14,353.99,404.07,2.4,15.1
 2021-03-29 12:19:50,8.23,0,7.13,1.11,70.41,65.47,-0.18,353.95,403.69,2.4,15.1
 2021-03-29 12:19:55,8.23,0,7.13,1.11,70.41,65.47,-0.18,353.69,404.25,2.4,15.1
 2021-03-29 12:20:00,8.21,0,7.13,1.11,70.41,65.47,-0.18,354.05,404.48,2.4,15.1
 2021-03-29 12:20:05,8.21,0,7.13,1.11,70.41,65.47,-0.18,354.11,404.78,2.2,15.1
 2021-03-29 12:20:10,8.21,0,7.13,1.11,70.41,65.47,-0.18,354.7,404.19,2.36,15.1
 2021-03-29 12:20:15,8.21,0,7.13,1.11,70.24,65.47,-0.18,354.35,405.14,2.36,15.1
 2021-03-29 12:20:20,8.21,0,7.13,1.11,70.24,65.48,-0.18,354.11,404.8,2.36,15.1
 2021-03-29 12:20:25,8.21,0,7.13,1.11,70.24,65.48,-0.18,354.35,404.6,2.27,15.1
 2021-03-29 12:20:30,8.21,0,7.13,1.11,70.24,65.48,-0.18,354.94,405.2,2.27,14.46
 2021-03-29 12:20:35,8.21,0,7.13,1.11,70.24,65.48,-0.18,354.64,405.44,2.27,14.46
 2021-03-29 12:20:40,8.21,0,7.13,1.11,71.24,66.31,-0.18,354.76,405.56,2.27,14.46
 2021-03-29 12:20:45,8.34,0,7.13,1.11,72.88,67.42,-0.18,354.52,405.67,2.27,14.46
 2021-03-29 12:20:50,8.57,0,7.13,1.11,75.23,69.25,-0.18,355.54,405.83,2.27,14.46
 2021-03-29 12:20:55,8.68,0,7.13,1.18,78.1,71.85,0.06,355.42,406.69,2.27,14.46
 2021-03-29 12:21:00,8.78,0,7.5,1.18,79.93,73.96,0.06,355.54,407.1,2.27,14.46
 2021-03-29 12:21:05,8.78,0,7.5,1.18,79.93,74.53,0.06,355.42,407.88,2.27,14.46
 2021-03-29 12:21:10,8.78,0,7.5,1.18,79.93,74.53,0.06,355.3,408.29,2.27,14.46
 2021-03-29 12:21:15,8.78,0,7.5,1.18,79.93,74.53,0.06,354.76,408.41,2.27,14.46
 2021-03-29 12:21:20,8.78,0,7.5,1.18,79.93,74.53,0.06,354.86,407.88,2.27,14.46
 2021-03-29 12:21:25,8.78,0,7.5,1.18,79.93,74.53,0.06,354.94,408.71,2.25,14.46
 2021-03-29 12:21:30,8.78,0,7.5,1.18,79.93,74.53,0.06,354.74,408.93,2.25,14.11
 2021-03-29 12:21:35,8.78,0,7.5,1.18,79.93,74.53,0.06,354.47,408.53,2.25,14.11
 2021-03-29 12:21:40,8.78,0,7.5,1.18,80.56,74.91,0.06,354.43,408.18,2.25,14.11
 2021-03-29 12:21:45,8.78,0,7.5,1.18,80.56,74.91,0.06,354.52,408.18,2.25,14.11
 2021-03-29 12:21:50,8.91,0,7.5,1.18,80.56,74.91,0.06,354.47,408.24,2.25,14.11
 2021-03-29 12:21:55,8.91,0,7.5,1.25,80.56,74.91,0.19,354.64,408.41,2.25,14.11
 2021-03-29 12:22:00,8.91,0,7.63,1.25,80.56,74.91,0.19,354.41,408.37,2.25,14.11
 2021-03-29 12:22:05,8.91,0,7.63,1.25,80.56,74.91,0.19,354.29,408.41,2.25,14.11
 2021-03-29 12:22:10,8.91,0,7.63,1.25,80.56,74.91,0.19,354.39,408.18,2.25,14.11
 2021-03-29 12:22:15,8.91,0,7.63,1.25,80.24,74.84,0.19,354.58,407.76,2.25,14.11
 2021-03-29 12:22:20,8.91,0,7.63,1.25,80.24,74.84,0.19,354.58,408.97,2.25,14.11
 2021-03-29 12:22:25,8.91,0,7.63,1.25,80.24,74.84,0.19,354.35,408.53,2.18,14.11
 2021-03-29 12:22:30,8.91,0,7.63,1.25,80.17,74.84,0.19,354.17,408.53,2.18,13.9
 2021-03-29 12:22:35,8.91,0,7.63,1.25,80.17,74.84,0.19,354.94,408.18,2.18,13.9
 2021-03-29 12:22:40,8.91,0,7.63,1.25,80.17,74.84,0.19,354.27,408.1,2.18,13.9
 2021-03-29 12:22:45,8.91,0,7.63,1.25,80.17,74.84,0.19,354.47,408.53,2.18,13.9
 2021-03-29 12:22:50,8.91,0,7.63,1.25,80.17,74.84,0.19,354.58,408.53,2.18,13.9
 2021-03-29 12:22:55,8.82,0,7.63,1.23,80.17,74.84,0.16,354.35,408.29,2.18,13.9
 2021-03-29 12:23:00,8.82,0,7.6,1.23,80.17,74.84,0.16,354.03,408.29,2.18,13.9
 2021-03-29 12:23:05,8.82,0,7.6,1.23,80.17,74.84,0.16,354.23,408.18,2.18,13.9
 2021-03-29 12:23:10,8.82,0,7.6,1.23,80.17,74.84,0.16,353.93,408.18,2.18,13.9
 2021-03-29 12:23:15,8.82,0,7.6,1.23,80.17,74.72,0.16,354.11,408.18,2.18,13.9
 2021-03-29 12:23:20,8.82,0,7.6,1.23,80.17,74.72,0.16,353.79,408.61,2.18,13.9
 2021-03-29 12:23:25,8.82,0,7.6,1.23,80.17,74.72,0.16,354.76,408.77,2.18,13.9
 2021-03-29 12:23:30,8.82,0,7.6,1.23,80.17,74.72,0.16,354.23,408.77,2.18,13.9
 2021-03-29 12:23:35,8.82,0,7.6,1.23,80.17,74.72,0.16,354.23,408.53,2.18,13.71
 2021-03-29 12:23:40,8.82,0,7.6,1.23,80.17,74.72,0.16,353.91,408.41,2.18,13.71
 2021-03-29 12:23:45,8.82,0,7.6,1.23,80.17,74.72,0.16,353.57,408.83,2.18,13.71
 2021-03-29 12:23:50,8.82,0,7.6,1.23,80.17,74.72,0.16,354.35,408.71,2.18,13.71
 2021-03-29 12:23:55,8.86,0,7.6,1.23,80.17,74.72,0.15,353.99,408.41,2.18,13.71
 2021-03-29 12:24:00,8.86,0,7.62,1.23,80.17,74.72,0.15,353.63,408.49,2.18,13.71
 2021-03-29 12:24:05,8.86,0,7.62,1.23,80.17,74.72,0.15,353.57,408.12,2.18,13.71
 2021-03-29 12:24:10,8.86,0,7.62,1.23,80.17,74.72,0.15,353.21,408.06,2.18,13.71
 2021-03-29 12:24:15,8.86,0,7.62,1.23,80.34,74.83,0.15,352.98,407.7,2.18,13.71
 2021-03-29 12:24:20,8.86,0,7.62,1.23,80.34,74.83,0.15,353.51,408.29,2.18,13.71
 2021-03-29 12:24:25,8.86,0,7.62,1.23,80.34,74.83,0.15,353.1,408.12,2.18,13.71
 2021-03-29 12:24:30,8.86,0,7.62,1.23,80.34,74.83,0.15,353.31,407.7,2.17,13.71
 2021-03-29 12:24:35,8.86,0,7.62,1.23,79.89,74.59,0.15,353.69,407.04,2.17,13.56
 2021-03-29 12:24:40,8.77,0,7.62,1.23,80.04,74.59,0.15,353.23,407.34,2.17,13.56
 2021-03-29 12:24:45,8.77,0,7.62,1.23,80.04,74.59,0.15,353.1,406.98,2.17,13.56
 2021-03-29 12:24:50,8.77,0,7.62,1.23,80.04,74.59,0.15,353.27,406.87,2.17,13.56
 2021-03-29 12:24:55,8.77,0,7.62,1.22,80.04,74.59,0.13,353.1,407.82,2.17,13.56
 2021-03-29 12:25:00,8.77,0,7.61,1.22,80.04,74.59,0.13,353.1,407.28,2.17,13.56
 2021-03-29 12:25:05,8.77,0,7.61,1.22,80.04,74.59,0.13,352.92,406.93,2.17,13.56
 2021-03-29 12:25:10,8.77,0,7.61,1.22,80.04,74.59,0.13,353.1,407.16,2.17,13.56
 2021-03-29 12:25:15,8.77,0,7.61,1.22,80.04,74.59,0.13,353.16,407.1,2.17,13.56
 2021-03-29 12:25:20,8.77,0,7.61,1.22,80.04,74.59,0.13,353.12,406.93,2.17,13.56
 2021-03-29 12:25:25,8.77,0,7.61,1.22,80.04,74.59,0.13,353.51,407.34,2.17,13.56
 2021-03-29 12:25:30,8.77,0,7.61,1.22,80.04,74.59,0.13,353.43,407.04,2.17,13.56
 2021-03-29 12:25:35,8.77,0,7.61,1.22,80.04,74.66,0.13,353.1,406.98,2.17,13.43
 2021-03-29 12:25:40,8.79,0,7.61,1.22,80.2,74.66,0.13,353.27,406.81,2.17,13.43
 2021-03-29 12:25:45,8.79,0,7.61,1.22,80.2,74.66,0.13,353.63,406.81,2.17,13.43
 2021-03-29 12:25:50,8.79,0,7.61,1.22,80.2,74.66,0.13,353.67,407.1,2.17,13.43
 2021-03-29 12:25:55,8.79,0,7.61,1.23,80.2,74.66,0.13,353.93,407.46,2.17,13.43
 2021-03-29 12:26:00,8.79,0,7.61,1.23,80.84,74.87,0.13,353.93,407.34,2.17,13.43
 2021-03-29 12:26:05,8.94,0,7.64,1.23,83.75,76.9,0.13,353.93,408.06,2.17,13.43
 2021-03-29 12:26:10,9.11,0,7.64,1.23,87.56,80.1,0.13,353.93,407.62,2.17,13.43
 2021-03-29 12:26:15,9.52,0,8.06,1.23,94.98,86.03,0.74,354.23,408.24,2.17,13.43
 2021-03-29 12:26:20,9.88,0,8.3,1.23,99.4,91.13,0.94,354.23,410.8,2.17,13.43
 2021-03-29 12:26:25,9.88,0,8.3,1.23,100.29,92.82,0.94,354.17,413.12,2.17,13.43
 2021-03-29 12:26:30,9.88,0,8.3,1.23,100.39,93.11,0.94,354.17,413.46,2.09,13.43
 2021-03-29 12:26:35,9.88,0,8.3,1.23,100.21,93.11,0.94,354.17,413.48,2.09,13.31
 2021-03-29 12:26:40,9.88,0,8.3,1.23,100.21,93.11,0.94,354.17,413.77,2.09,13.31
 2021-03-29 12:26:45,9.88,0,8.3,1.23,100,92.97,0.94,353.87,413.71,2.09,13.31
 2021-03-29 12:26:50,9.88,0,8.3,1.23,100,92.87,0.94,354.05,413.53,2.09,13.31
 2021-03-29 12:26:55,9.88,0,8.3,1.23,100.16,92.87,0.94,354.17,413.65,2.09,13.31
 2021-03-29 12:27:00,9.88,0,8.3,1.51,100.16,92.93,0.94,353.93,413.57,2.09,13.31
 2021-03-29 12:27:05,9.88,0,8.3,1.51,100.16,92.93,0.94,354.05,413.65,2.09,13.31
 2021-03-29 12:27:10,9.88,0,8.3,1.51,100.16,92.93,0.94,353.81,413.65,2.09,13.31
 2021-03-29 12:27:15,9.88,0,8.3,1.51,100.16,92.93,0.94,353.81,413.65,2.09,13.31
 2021-03-29 12:27:20,10.08,0,8.53,1.51,100.16,92.93,1.05,354.23,413.59,2.09,13.31
 2021-03-29 12:27:25,10.08,0,8.53,1.51,100.16,92.93,1.05,354.76,413.71,2.09,13.31
 2021-03-29 12:27:30,10.08,0,8.53,1.51,100.16,92.93,1.05,354.66,413.42,2.09,13.31
 2021-03-29 12:27:35,10.08,0,8.53,1.51,100.16,92.93,1.05,354.7,413.36,2.05,13.31
 2021-03-29 12:27:40,10.08,0,8.53,1.51,100.16,92.93,1.05,354.74,413.42,2.05,13.25
 2021-03-29 12:27:45,10.08,0,8.53,1.51,100.16,92.93,1.05,354.23,413.3,2.05,13.25
 2021-03-29 12:27:50,9.95,0,8.53,1.51,99.74,92.78,1.05,354.23,413.14,2.05,13.25
 2021-03-29 12:27:55,9.95,0,8.53,1.51,99.74,92.78,1.05,354.35,413.06,2.05,13.25
 2021-03-29 12:28:00,9.95,0,8.53,1.51,100.06,92.78,1.05,354.11,412.98,2.05,13.25
 2021-03-29 12:28:05,9.95,0,8.53,1.51,100.06,92.78,1.05,354.23,412.94,2.05,13.25
 2021-03-29 12:28:10,9.95,0,8.53,1.51,100.06,92.78,1.05,354.11,413.06,2.05,13.25
 2021-03-29 12:28:15,9.95,0,8.53,1.51,100.06,92.78,1.05,354.23,412.76,2.05,13.25
 2021-03-29 12:28:20,9.95,0,8.53,1.51,100.06,92.78,1.03,354.11,412.74,2.05,13.25
 2021-03-29 12:28:25,9.95,0,8.52,1.51,100.06,92.78,1.03,353.99,412.76,2.05,13.25
 2021-03-29 12:28:30,9.95,0,8.52,1.51,100.06,92.78,1.03,353.83,412.94,2.05,13.25
 2021-03-29 12:28:35,9.95,0,8.52,1.51,100.06,92.78,1.03,353.81,412.94,2.03,13.25
 2021-03-29 12:28:40,9.95,0,8.52,1.51,100.06,92.78,1.03,353.57,412.76,2.03,13.21
 2021-03-29 12:28:45,9.95,0,8.52,1.51,100.06,92.78,1.03,353.51,413.24,2.03,13.21
 2021-03-29 12:28:50,10.04,0,8.52,1.51,100.06,92.78,1.03,353.57,412.7,2.03,13.21
 2021-03-29 12:28:55,10.04,0,8.52,1.51,100.06,92.78,1.03,353.04,412.52,2.03,13.21
 2021-03-29 12:29:00,10.04,0,8.52,1.52,100.33,93.1,1.03,353.16,412.94,2.03,13.21
 2021-03-29 12:29:05,10.04,0,8.52,1.52,100.33,93.1,1.03,353.1,412.17,2.03,13.21
 2021-03-29 12:29:10,10.04,0,8.52,1.52,100.33,93.1,1.03,353.1,412.78,2.03,13.21
 2021-03-29 12:29:15,10.04,0,8.52,1.52,100.33,93.1,1.03,353.16,412.82,2.03,13.21
 2021-03-29 12:29:20,10.04,0,8.52,1.52,100.33,93.1,1.03,353.12,412.58,2.03,13.21
 2021-03-29 12:29:25,10.04,0,8.53,1.52,100.33,93.1,1.03,352.68,412.52,2.03,13.21
 2021-03-29 12:29:30,10.04,0,8.53,1.52,100.33,93.1,1.03,352.92,412.34,2.03,13.21
 2021-03-29 12:29:35,10.04,0,8.53,1.52,100.33,93.1,1.03,352.38,411.81,2.03,13.21
 2021-03-29 12:29:40,10.04,0,8.53,1.52,100.33,93.1,1.03,352.92,411.71,2.04,13.12
 2021-03-29 12:29:45,10.04,0,8.53,1.52,100.33,93.1,1.03,352.68,411.87,2.04,13.12
 2021-03-29 12:29:50,10.01,0,8.53,1.52,99.97,93,1.03,352.62,411.39,2.04,13.12
 2021-03-29 12:29:55,10.01,0,8.53,1.52,99.97,93,1.03,352.14,411.03,2.04,13.12
 2021-03-29 12:30:00,10.01,0,8.53,1.52,99.97,93,1.03,352.2,411.11,2.04,13.12
 2021-03-29 12:30:05,10.01,0,8.53,1.52,99.97,93,1.03,352.44,411.39,2.04,13.12
 2021-03-29 12:30:10,10.01,0,8.53,1.52,99.97,93,1.03,352.62,411.63,2.04,13.12
 2021-03-29 12:30:15,10.01,0,8.53,1.52,99.97,93,1.03,352.44,410.62,2.04,13.12
 2021-03-29 12:30:20,10.01,0,8.53,1.52,99.97,93,1.01,352.62,411.03,2.04,13.12
 2021-03-29 12:30:25,10.01,0,8.52,1.52,99.97,93,1.01,352.44,411.09,2.04,13.12
 2021-03-29 12:30:30,10.01,0,8.52,1.52,99.97,93,1.01,352.08,411.59,2.04,13.12
 2021-03-29 12:30:35,10.01,0,8.52,1.52,99.97,93,1.01,352.5,411.03,2.04,13.12
 2021-03-29 12:30:40,10.01,0,8.52,1.52,99.97,93,1.01,352.8,411.27,2.04,13.07
 2021-03-29 12:30:45,10.01,0,8.52,1.52,99.97,93,1.01,352.92,411.15,2.04,13.07
 2021-03-29 12:30:50,10.01,0,8.52,1.52,100.21,93,1.01,352.8,411.21,2.04,13.07
 2021-03-29 12:30:55,10.03,0,8.52,1.52,100.21,93.02,1.01,352.74,411.63,2.04,13.07
 2021-03-29 12:31:00,10.03,0,8.52,1.51,100.21,93.02,1.01,352.74,411.15,2.04,13.07
 2021-03-29 12:31:05,10.03,0,8.52,1.51,100.21,93.02,1.01,352.68,411.15,2.04,13.07
 2021-03-29 12:31:10,10.03,0,8.52,1.51,100.21,93.02,1.01,352.68,411.31,2.04,13.07
 2021-03-29 12:31:15,10.03,0,8.52,1.51,100.21,93.02,1.01,352.92,411.15,2.04,13.07
 2021-03-29 12:31:20,10.03,0,8.52,1.51,100.21,93.02,1.01,352.98,411.83,2.04,13.07
 2021-03-29 12:31:25,10.03,0,8.52,1.51,100.21,93.02,1.01,352.98,411.99,2.04,13.07
 2021-03-29 12:31:30,10.03,0,8.53,1.51,100.21,93.02,1.01,353.23,411.91,2.04,13.07
 2021-03-29 12:31:35,10.03,0,8.53,1.51,100.21,93.02,1.01,353.16,411.81,2.04,13.07
 2021-03-29 12:31:40,10.03,0,8.53,1.51,100.21,93.02,1.01,353.33,412.26,2.05,13.06
 2021-03-29 12:31:45,10.03,0,8.53,1.51,100.21,93.02,1.01,353.39,412.22,2.05,13.06
 2021-03-29 12:31:50,10.03,0,8.53,1.51,100.31,93.02,1.01,353.21,412.22,2.05,13.06
 2021-03-29 12:31:55,10,0,8.53,1.51,100.31,93.15,1.01,353.16,412.46,2.05,13.06
 2021-03-29 12:32:00,10,0,8.53,1.51,100.21,93.15,1.01,353.33,412.28,2.05,13.06
 2021-03-29 12:32:05,10,0,8.53,1.51,100.21,93.15,1.01,353.04,412.28,2.05,13.06
 2021-03-29 12:32:10,10,0,8.53,1.51,100.21,93.15,1.01,353.23,412.22,2.05,13.06
 2021-03-29 12:32:15,10,0,8.53,1.51,100.21,93.15,1.01,353.04,412.46,2.05,13.06
 2021-03-29 12:32:20,10,0,8.53,1.51,100.21,93.15,1.01,353.1,412.4,2.05,13.06
 2021-03-29 12:32:25,10,0,8.53,1.51,100.21,93.15,1.01,353.33,412.11,2.05,13.06
 2021-03-29 12:32:30,10,0,8.54,1.51,100.21,93.15,1.01,353.1,412.34,2.05,13.06
 2021-03-29 12:32:35,10,0,8.54,1.51,100.21,93.15,1.01,353.04,412.22,2.05,13.06
 2021-03-29 12:32:40,10,0,8.54,1.51,100.21,93.15,1.01,353.16,412.46,2.05,13.06
 2021-03-29 12:32:45,10,0,8.54,1.51,100.21,93.15,1.01,353.04,412.58,2.05,13.06
 2021-03-29 12:32:50,10,0,8.54,1.51,100.21,93.15,1.01,353.1,412.19,2.05,13.06
 2021-03-29 12:32:55,9.96,0,8.54,1.51,100.21,93.2,1.01,353.21,412.46,2.05,13.06
 2021-03-29 12:33:00,9.96,0,8.54,1.51,100.52,93.2,1.01,353.04,412.11,2.05,13.06
 2021-03-29 12:33:05,9.96,0,8.54,1.51,100.21,93.09,1.01,352.98,412.46,2.05,13.06
 2021-03-29 12:33:10,9.96,0,8.54,1.51,100.21,93.09,1.01,352.86,412.19,2.05,13.06
 2021-03-29 12:33:15,9.96,0,8.54,1.51,100.21,93.09,1.01,353.21,412.11,2.05,13.06
 2021-03-29 12:33:20,9.96,0,8.54,1.51,100.21,93.09,1.01,352.92,412.11,2.05,13.06
 2021-03-29 12:33:25,9.96,0,8.54,1.51,100.21,93.09,1.01,352.92,411.69,2.05,13.06
 2021-03-29 12:33:30,9.96,0,8.53,1.51,100.21,93.09,1.01,352.92,411.79,2.05,13.06
 2021-03-29 12:33:35,9.96,0,8.53,1.51,100.21,93.09,1.01,353.04,412.52,2.05,13.06
 2021-03-29 12:33:40,9.96,0,8.53,1.51,100.21,93.09,1.01,352.86,412.03,2.05,13.06
 2021-03-29 12:33:45,9.96,0,8.53,1.51,100.21,93.09,1.01,352.86,411.99,2.05,13.05
 2021-03-29 12:33:50,9.96,0,8.53,1.51,100.21,93.09,1.01,352.8,411.55,2.05,13.05
 2021-03-29 12:33:55,10.05,0,8.53,1.51,100.21,93.09,1.01,352.86,411.99,2.05,13.05
 2021-03-29 12:34:00,10.05,0,8.53,1.51,100.21,93.09,1.01,352.86,412.11,2.05,13.05
 2021-03-29 12:34:05,10.05,0,8.53,1.51,100.15,92.99,1.01,352.92,411.75,2.05,13.05
 2021-03-29 12:34:10,10.05,0,8.53,1.51,100.15,92.99,1.01,352.84,412.11,2.05,13.05
 2021-03-29 12:34:15,10.05,0,8.53,1.51,100.15,92.99,1.01,352.68,412.11,2.05,13.05
 2021-03-29 12:34:20,10.05,0,8.53,1.51,100.15,92.99,1.01,352.74,412.15,2.05,13.05
 2021-03-29 12:34:25,10.05,0,8.53,1.51,100.15,92.99,1,352.56,411.81,2.05,13.05
 2021-03-29 12:34:30,10.05,0,8.53,1.51,100.15,92.99,1,352.74,412.5,2.05,13.05
 2021-03-29 12:34:35,10.05,0,8.53,1.51,100.15,92.99,1,352.92,412.7,2.05,13.05
 2021-03-29 12:34:40,10.05,0,8.53,1.51,100.15,92.99,1,352.8,411.51,2.05,13.05
 2021-03-29 12:34:45,10.05,0,8.53,1.51,100.15,92.99,1,352.74,412.88,2.05,13.04
 2021-03-29 12:34:50,7.96,0,6.75,0.61,27.64,44.17,-1.53,352.74,412.38,2.05,13.04
 2021-03-29 12:34:55,4.96,0,4.91,0.4,28.32,28.3,-1.53,352.8,410.14,2.05,13.04
 2021-03-29 12:35:00,5.05,0,4.65,0.4,29.43,27.84,-1.53,352.8,401.19,2.05,13.04
 2021-03-29 12:35:05,5.05,0,3.84,0,2.63,12.37,-2.67,352.92,392.4,2.05,13.04
 2021-03-29 12:35:10,0.29,0,1.24,0,2.63,0.48,-3.57,352.52,391.32,2.06,13.04
 2021-03-29 12:35:15,0.29,0,0.23,0,2.63,-0.92,-4.02,353.27,391.56,2.06,13.04
 2021-03-29 12:35:20,0.29,0,0.23,0,2.63,-0.69,-4.2,352.98,391.62,2.06,13.04
 2021-03-29 12:35:25,0.29,0,0.23,0,2.63,-0.4,-4.2,352.92,391.92,2.06,13.04
 2021-03-29 12:35:30,0.29,0,0.23,0,2.63,-0.4,-4.2,352.56,391.46,2.06,13.04
 2021-03-29 12:35:35,0.29,0,0.23,0,2.63,-0.4,-4.2,352.44,390.97,2.06,13.04
 2021-03-29 12:35:40,0.29,0,0.23,0,2.63,-0.4,-4.2,352.44,391.38,2.06,13.04
 2021-03-29 12:35:45,0.29,0,0.23,0,2.63,-0.4,-4.2,352.08,391.44,2.06,13.67
 2021-03-29 12:35:50,0.29,0,0.23,0,2.63,-0.4,-4.2,352.26,391.42,2.06,13.67
 2021-03-29 12:35:55,0.29,0,0.23,0,2.63,-0.4,-4.2,351.9,391.26,2.06,13.67
 2021-03-29 12:36:00,0.29,0,0.23,0,2.63,-0.4,-4.2,351.88,391.15,2.06,13.67
 2021-03-29 12:36:05,0.29,0,0.23,0,2.63,-0.4,-4.2,351.43,390.73,2.06,13.67
 2021-03-29 12:36:10,0,0,0.23,0,0.07,-0.4,-4.2,351.41,390.55,2.13,13.67
 2021-03-29 12:36:15,0,0,0,0,0.07,-0.4,-4.2,351.61,390.97,2.13,13.67
 2021-03-29 12:36:20,0,0,0,0,0.07,-0.4,-4.99,351.49,390.79,2.13,13.67
 2021-03-29 12:36:25,0,0,0,0,0.07,0.77,-4.99,351.61,390.79,2.13,13.67
 2021-03-29 12:36:30,0,0,0,0,0.07,0.77,-4.99,351.9,389.95,2.13,13.67
 2021-03-29 12:36:35,0,0,0,0,0.07,0.77,-4.99,351.79,389.95,2.13,13.67
 2021-03-29 12:36:40,0,0,0,0,0.07,0.77,-4.99,351.92,389.91,2.13,13.67
 2021-03-29 12:36:45,0,0,0,0,0.07,0.77,-4.99,351.25,389.72,2.13,14.37
 2021-03-29 12:36:50,0,0,0,0,0.07,0.77,-4.99,351.25,389.44,2.13,14.37
 2021-03-29 12:36:55,0,0,0,0,0.07,0.77,-4.99,351.43,390.01,2.13,14.37