Date,AllGasoline,RegularGasoline,MidgradeGasoline,PremiumGasoline,Diesel,Inflation
1/2/95,1.127,1.079,1.17,1.272,1.104,1.687380861
1/9/95,1.134,1.086,1.177,1.279,1.102,1.686731869
1/16/95,1.126,1.078,1.168,1.271,1.1,1.686083126
1/23/95,1.132,1.083,1.177,1.277,1.095,1.685434632
1/30/95,1.131,1.083,1.176,1.275,1.09,1.684786388
2/6/95,1.124,1.076,1.169,1.27,1.086,1.684138393
2/13/95,1.121,1.074,1.166,1.265,1.088,1.683490648
2/20/95,1.115,1.067,1.16,1.259,1.088,1.682843151
2/27/95,1.121,1.073,1.164,1.265,1.089,1.682195904
3/6/95,1.123,1.076,1.167,1.263,1.089,1.681548906
3/13/95,1.116,1.069,1.158,1.256,1.088,1.680902156
3/20/95,1.114,1.068,1.158,1.254,1.085,1.680255655
3/27/95,1.121,1.075,1.162,1.259,1.088,1.679609403
4/3/95,1.133,1.087,1.174,1.27,1.094,1.678963399
4/10/95,1.149,1.103,1.19,1.286,1.101,1.678317644
4/17/95,1.163,1.117,1.205,1.3,1.106,1.677672137
4/24/95,1.184,1.138,1.226,1.323,1.115,1.677026879
5/1/95,1.194,1.148,1.236,1.332,1.119,1.676381869
5/8/95,1.216,1.169,1.259,1.356,1.126,1.675737106
5/15/95,1.226,1.179,1.269,1.364,1.126,1.675092592
5/22/95,1.244,1.197,1.288,1.383,1.124,1.674448326
5/29/95,1.246,1.199,1.29,1.386,1.13,1.673804307
6/5/95,1.246,1.199,1.29,1.386,1.124,1.673160536
6/12/95,1.243,1.196,1.288,1.383,1.122,1.672517013
6/19/95,1.236,1.189,1.28,1.376,1.117,1.671873737
6/26/95,1.229,1.182,1.273,1.37,1.112,1.671230709
7/3/95,1.222,1.175,1.266,1.362,1.106,1.670587928
7/10/95,1.212,1.165,1.255,1.352,1.103,1.669945394
7/17/95,1.2,1.153,1.244,1.342,1.099,1.669303107
7/24/95,1.191,1.144,1.236,1.333,1.098,1.668661068
7/31/95,1.179,1.132,1.222,1.319,1.093,1.668019275
8/7/95,1.174,1.127,1.217,1.316,1.099,1.667377729
8/14/95,1.172,1.125,1.215,1.312,1.106,1.66673643
8/21/95,1.171,1.124,1.214,1.311,1.106,1.666095377
8/28/95,1.163,1.117,1.205,1.305,1.109,1.665454571
9/4/95,1.16,1.113,1.202,1.3,1.115,1.664814012
9/11/95,1.158,1.111,1.201,1.298,1.119,1.664173699
9/18/95,1.157,1.11,1.2,1.297,1.122,1.663533632
9/25/95,1.156,1.109,1.198,1.296,1.121,1.662893812
10/2/95,1.151,1.105,1.192,1.29,1.117,1.662254237
10/9/95,1.144,1.097,1.185,1.283,1.117,1.661614908
10/16/95,1.133,1.087,1.175,1.273,1.117,1.660975826
10/23/95,1.125,1.079,1.165,1.263,1.114,1.660336989
10/30/95,1.115,1.068,1.157,1.255,1.11,1.659698398
11/6/95,1.112,1.065,1.153,1.252,1.118,1.659060052
11/13/95,1.109,1.063,1.151,1.248,1.118,1.658421952
11/20/95,1.106,1.06,1.149,1.244,1.119,1.657784098
11/27/95,1.107,1.061,1.149,1.243,1.124,1.657146488
12/4/95,1.108,1.062,1.151,1.246,1.123,1.656509124
12/11/95,1.11,1.063,1.154,1.248,1.124,1.655872005
12/18/95,1.124,1.078,1.167,1.262,1.13,1.655235132
12/25/95,1.128,1.082,1.17,1.265,1.141,1.654598503
1/1/96,1.129,1.083,1.171,1.268,1.148,1.653962119
1/8/96,1.139,1.093,1.181,1.277,1.146,1.653325979
1/15/96,1.145,1.098,1.186,1.285,1.152,1.652690085
1/22/96,1.138,1.091,1.179,1.278,1.144,1.652054435
1/29/96,1.133,1.087,1.176,1.272,1.136,1.651419029
2/5/96,1.13,1.083,1.172,1.269,1.13,1.650783868
2/12/96,1.126,1.08,1.169,1.265,1.134,1.650148951
2/19/96,1.133,1.087,1.177,1.271,1.151,1.649514278
2/26/96,1.153,1.107,1.197,1.291,1.164,1.64887985
3/4/96,1.17,1.124,1.213,1.308,1.175,1.648245665
3/11/96,1.171,1.125,1.213,1.308,1.173,1.647611725
3/18/96,1.181,1.135,1.222,1.317,1.172,1.646978028
3/25/96,1.21,1.164,1.25,1.345,1.21,1.646344575
4/1/96,1.223,1.178,1.263,1.357,1.222,1.645711365
4/8/96,1.248,1.204,1.289,1.381,1.249,1.645078399
4/15/96,1.287,1.242,1.329,1.422,1.305,1.644445677
4/22/96,1.301,1.256,1.341,1.438,1.304,1.643813198
4/29/96,1.318,1.273,1.356,1.455,1.285,1.643180962
5/6/96,1.321,1.275,1.359,1.458,1.292,1.642548969
5/13/96,1.323,1.277,1.361,1.461,1.285,1.64191722
5/20/96,1.33,1.285,1.369,1.468,1.274,1.641285713
5/27/96,1.321,1.275,1.358,1.458,1.254,1.640654449
6/3/96,1.315,1.269,1.353,1.454,1.24,1.640023428
6/10/96,1.307,1.262,1.345,1.444,1.215,1.63939265
6/17/96,1.302,1.258,1.34,1.438,1.193,1.638762115
6/24/96,1.289,1.245,1.328,1.425,1.179,1.638131821
7/1/96,1.279,1.234,1.317,1.416,1.172,1.637501771
7/8/96,1.276,1.231,1.315,1.412,1.173,1.636871962
7/15/96,1.273,1.228,1.311,1.409,1.178,1.636242396
7/22/96,1.272,1.227,1.31,1.408,1.184,1.635613072
7/29/96,1.263,1.218,1.302,1.399,1.178,1.63498399
8/5/96,1.253,1.207,1.292,1.389,1.184,1.63435515
8/12/96,1.248,1.203,1.287,1.384,1.191,1.633726552
8/19/96,1.249,1.205,1.288,1.382,1.206,1.633098196
8/26/96,1.253,1.209,1.29,1.386,1.222,1.632470081
9/2/96,1.242,1.197,1.281,1.375,1.231,1.631842208
9/9/96,1.247,1.203,1.286,1.38,1.25,1.631214576
9/16/96,1.25,1.206,1.291,1.383,1.276,1.630587186
9/23/96,1.251,1.206,1.29,1.383,1.277,1.629960037
9/30/96,1.245,1.2,1.285,1.379,1.289,1.629333129
10/7/96,1.239,1.194,1.279,1.373,1.308,1.628706463
10/14/96,1.248,1.203,1.288,1.382,1.326,1.628080037
10/21/96,1.249,1.204,1.29,1.384,1.329,1.627453853
10/28/96,1.26,1.215,1.302,1.395,1.329,1.626827909
11/4/96,1.268,1.223,1.31,1.403,1.323,1.626202206
11/11/96,1.272,1.226,1.315,1.408,1.316,1.625576743
11/18/96,1.282,1.236,1.326,1.418,1.324,1.624951522
11/25/96,1.289,1.244,1.332,1.423,1.327,1.62432654
12/2/96,1.287,1.241,1.332,1.423,1.323,1.623701799
12/9/96,1.287,1.241,1.33,1.422,1.32,1.623077299
12/16/96,1.283,1.236,1.327,1.419,1.307,1.622453038
12/23/96,1.278,1.231,1.323,1.414,1.3,1.621829018
12/30/96,1.274,1.227,1.318,1.412,1.295,1.621205237
1/6/97,1.272,1.225,1.317,1.409,1.291,1.620581697
1/13/97,1.287,1.241,1.332,1.423,1.296,1.619958396
1/20/97,1.287,1.241,1.329,1.424,1.293,1.619335335
1/27/97,1.284,1.238,1.325,1.421,1.283,1.618712514
2/3/97,1.282,1.236,1.324,1.42,1.288,1.618089932
2/10/97,1.28,1.234,1.321,1.414,1.285,1.61746759
2/17/97,1.273,1.227,1.314,1.41,1.278,1.616845487
2/24/97,1.27,1.223,1.312,1.408,1.269,1.616223623
3/3/97,1.261,1.215,1.302,1.398,1.252,1.615601999
3/10/97,1.253,1.206,1.296,1.393,1.23,1.614980614
3/17/97,1.246,1.2,1.289,1.384,1.22,1.614359467
3/24/97,1.25,1.204,1.291,1.385,1.22,1.61373856
3/31/97,1.246,1.2,1.286,1.383,1.225,1.613117891
4/7/97,1.248,1.203,1.288,1.386,1.217,1.612497461
4/14/97,1.244,1.199,1.283,1.381,1.216,1.61187727
4/21/97,1.245,1.199,1.284,1.381,1.211,1.611257317
4/28/97,1.24,1.195,1.279,1.377,1.205,1.610637603
5/5/97,1.238,1.193,1.276,1.374,1.205,1.610018127
5/12/97,1.238,1.193,1.278,1.372,1.191,1.609398889
5/19/97,1.247,1.203,1.286,1.38,1.191,1.608779889
5/26/97,1.255,1.212,1.294,1.385,1.196,1.608161128
6/2/97,1.258,1.215,1.297,1.388,1.19,1.607542604
6/9/97,1.251,1.207,1.291,1.382,1.187,1.606924319
6/16/97,1.242,1.198,1.282,1.373,1.172,1.606306271
6/23/97,1.232,1.187,1.272,1.364,1.162,1.605688461
6/30/97,1.226,1.181,1.267,1.359,1.153,1.605070888
7/7/97,1.222,1.177,1.264,1.356,1.159,1.604453553
7/14/97,1.219,1.173,1.261,1.352,1.152,1.603836456
7/21/97,1.222,1.177,1.265,1.356,1.147,1.603219596
7/28/97,1.216,1.17,1.259,1.351,1.145,1.602602973
8/4/97,1.237,1.193,1.277,1.37,1.155,1.601986587
8/11/97,1.272,1.228,1.311,1.404,1.168,1.601370438
8/18/97,1.274,1.229,1.312,1.408,1.167,1.600754527
8/25/97,1.288,1.244,1.327,1.422,1.169,1.600138852
9/1/97,1.287,1.243,1.326,1.422,1.165,1.599523414
9/8/97,1.288,1.243,1.326,1.423,1.163,1.598908212
9/15/97,1.281,1.236,1.318,1.416,1.156,1.598293248
9/22/97,1.269,1.225,1.306,1.404,1.154,1.59767852
9/29/97,1.255,1.21,1.292,1.391,1.16,1.597064028
10/6/97,1.254,1.209,1.292,1.39,1.175,1.596449772
10/13/97,1.248,1.203,1.287,1.385,1.185,1.595835753
10/20/97,1.238,1.193,1.278,1.376,1.185,1.59522197
10/27/97,1.228,1.182,1.267,1.366,1.185,1.594608423
11/3/97,1.221,1.176,1.259,1.357,1.188,1.593995112
11/10/97,1.222,1.177,1.261,1.36,1.19,1.593382037
11/17/97,1.213,1.168,1.251,1.352,1.195,1.592769198
11/24/97,1.207,1.162,1.246,1.346,1.193,1.592156595
12/1/97,1.197,1.152,1.236,1.336,1.189,1.591544227
12/8/97,1.187,1.141,1.226,1.326,1.174,1.590932094
12/15/97,1.176,1.131,1.215,1.315,1.162,1.590320197
12/22/97,1.167,1.121,1.205,1.307,1.155,1.589708536
12/29/97,1.158,1.112,1.196,1.298,1.15,1.589097109
1/5/98,1.148,1.102,1.188,1.29,1.147,1.588485918
1/12/98,1.14,1.094,1.181,1.281,1.126,1.587874962
1/19/98,1.129,1.083,1.168,1.269,1.109,1.587264241
1/26/98,1.112,1.066,1.152,1.253,1.096,1.586653755
2/2/98,1.108,1.061,1.149,1.25,1.091,1.586043503
2/9/98,1.101,1.053,1.143,1.243,1.085,1.585433486
2/16/98,1.085,1.038,1.127,1.226,1.082,1.584823704
2/23/98,1.09,1.044,1.132,1.23,1.079,1.584214157
3/2/98,1.075,1.028,1.119,1.216,1.074,1.583604844
3/9/98,1.065,1.018,1.111,1.205,1.066,1.582995765
3/16/98,1.055,1.008,1.101,1.195,1.057,1.58238692
3/23/98,1.047,1,1.091,1.185,1.049,1.58177831
3/30/98,1.077,1.03,1.121,1.215,1.068,1.581169934
4/6/98,1.074,1.028,1.118,1.212,1.067,1.580561791
4/13/98,1.072,1.025,1.115,1.21,1.065,1.579953883
4/20/98,1.075,1.028,1.118,1.214,1.065,1.579346208
4/27/98,1.086,1.04,1.128,1.227,1.07,1.578738768
5/4/98,1.095,1.049,1.137,1.236,1.072,1.57813156
5/11/98,1.109,1.063,1.15,1.247,1.075,1.577524587
5/18/98,1.109,1.072,1.161,1.246,1.069,1.576917846
5/25/98,1.108,1.07,1.16,1.245,1.06,1.57631134
6/1/98,1.104,1.066,1.156,1.242,1.053,1.575705066
6/8/98,1.113,1.075,1.164,1.248,1.045,1.575099026
6/15/98,1.104,1.066,1.156,1.243,1.04,1.574493218
6/22/98,1.096,1.058,1.15,1.237,1.033,1.573887644
6/29/98,1.096,1.057,1.149,1.237,1.034,1.573282303
7/6/98,1.097,1.058,1.149,1.237,1.036,1.572677194
7/13/98,1.092,1.054,1.146,1.233,1.031,1.572072318
7/20/98,1.097,1.059,1.149,1.235,1.027,1.571467675
7/27/98,1.088,1.05,1.14,1.229,1.02,1.570863264
8/3/98,1.077,1.039,1.131,1.218,1.016,1.570259086
8/10/98,1.072,1.033,1.124,1.214,1.01,1.56965514
8/17/98,1.065,1.026,1.119,1.207,1.007,1.569051427
8/24/98,1.058,1.019,1.113,1.2,1.004,1.568447945
8/31/98,1.053,1.013,1.107,1.196,1,1.567844696
9/7/98,1.046,1.007,1.101,1.191,1.009,1.567241679
9/14/98,1.042,1.002,1.097,1.187,1.019,1.566638894
9/21/98,1.053,1.014,1.108,1.197,1.03,1.56603634
9/28/98,1.053,1.014,1.107,1.197,1.039,1.565434019
10/5/98,1.059,1.019,1.113,1.202,1.041,1.564831929
10/12/98,1.063,1.022,1.118,1.209,1.041,1.56423007
10/19/98,1.058,1.019,1.113,1.204,1.036,1.563628443
10/26/98,1.055,1.015,1.109,1.2,1.036,1.563027048
11/2/98,1.05,1.01,1.105,1.196,1.035,1.562425884
11/9/98,1.048,1.008,1.104,1.194,1.034,1.561824951
11/16/98,1.037,0.996,1.094,1.183,1.026,1.561224249
11/23/98,1.03,0.989,1.089,1.177,1.012,1.560623778
11/30/98,1.015,0.974,1.074,1.164,1.004,1.560023538
12/7/98,0.996,0.954,1.056,1.146,0.986,1.559423529
12/14/98,0.987,0.945,1.046,1.139,0.972,1.558823751
12/21/98,0.986,0.944,1.044,1.135,0.968,1.558224203
12/28/98,0.979,0.937,1.038,1.129,0.966,1.557624886
1/4/99,0.977,0.935,1.036,1.126,0.965,1.557025799
1/11/99,0.982,0.941,1.039,1.129,0.967,1.556426943
1/18/99,0.985,0.944,1.042,1.131,0.97,1.555828318
1/25/99,0.977,0.936,1.035,1.125,0.964,1.555229922
2/1/99,0.971,0.929,1.029,1.12,0.962,1.554631757
2/8/99,0.968,0.927,1.026,1.117,0.962,1.554033821
2/15/99,0.96,0.919,1.018,1.109,0.959,1.553436116
2/22/99,0.949,0.907,1.008,1.1,0.953,1.552838641
3/1/99,0.955,0.913,1.016,1.104,0.956,1.552241395
3/8/99,0.963,0.921,1.024,1.11,0.964,1.551644379
3/15/99,1.017,0.977,1.074,1.16,1,1.551047593
3/22/99,1.056,1.017,1.112,1.199,1.018,1.550451036
3/29/99,1.121,1.082,1.177,1.259,1.046,1.549854709
4/5/99,1.158,1.118,1.216,1.296,1.075,1.549258611
4/12/99,1.179,1.14,1.238,1.316,1.084,1.548662742
4/19/99,1.175,1.135,1.234,1.314,1.08,1.548067103
4/26/99,1.171,1.131,1.231,1.314,1.078,1.547471692
5/3/99,1.176,1.136,1.234,1.316,1.078,1.546876511
5/10/99,1.18,1.14,1.24,1.324,1.083,1.546281558
5/17/99,1.18,1.14,1.239,1.323,1.075,1.545686835
5/24/99,1.166,1.126,1.224,1.309,1.066,1.54509234
5/31/99,1.151,1.111,1.21,1.297,1.065,1.544498073
6/7/99,1.152,1.112,1.21,1.296,1.059,1.543904036
6/14/99,1.148,1.108,1.205,1.292,1.068,1.543310226
6/21/99,1.163,1.124,1.219,1.304,1.082,1.542716646
6/28/99,1.153,1.113,1.21,1.296,1.087,1.542123293
7/5/99,1.165,1.125,1.221,1.306,1.102,1.541530169
7/12/99,1.182,1.143,1.236,1.322,1.114,1.540937272
7/19/99,1.208,1.169,1.265,1.35,1.133,1.540344604
7/26/99,1.232,1.193,1.288,1.371,1.137,1.539752164
8/2/99,1.234,1.195,1.292,1.375,1.146,1.539159952
8/9/99,1.246,1.206,1.302,1.387,1.156,1.538567967
8/16/99,1.275,1.236,1.331,1.413,1.178,1.53797621
8/23/99,1.273,1.234,1.33,1.414,1.186,1.537384681
8/30/99,1.273,1.233,1.329,1.416,1.194,1.536793379
9/6/99,1.282,1.242,1.338,1.423,1.198,1.536202305
9/13/99,1.29,1.25,1.346,1.432,1.209,1.535611458
9/20/99,1.307,1.268,1.365,1.448,1.226,1.535020838
9/27/99,1.302,1.262,1.359,1.444,1.226,1.534430445
10/4/99,1.296,1.255,1.353,1.441,1.234,1.53384028
10/11/99,1.29,1.249,1.347,1.435,1.228,1.533250341
10/18/99,1.277,1.236,1.334,1.424,1.224,1.532660629
10/25/99,1.277,1.237,1.336,1.424,1.226,1.532071144
11/1/99,1.271,1.23,1.329,1.417,1.229,1.531481886
11/8/99,1.274,1.233,1.33,1.418,1.234,1.530892855
11/15/99,1.292,1.251,1.35,1.436,1.261,1.53030405
11/22/99,1.309,1.269,1.367,1.451,1.289,1.529715471
11/29/99,1.315,1.274,1.372,1.457,1.304,1.529127119
12/6/99,1.313,1.273,1.37,1.458,1.294,1.528538994
12/13/99,1.315,1.275,1.372,1.459,1.288,1.527951094
12/20/99,1.31,1.269,1.367,1.455,1.287,1.52736342
12/27/99,1.314,1.273,1.372,1.459,1.298,1.526775973
1/3/00,1.312,1.272,1.369,1.457,1.309,1.526188751
1/10/00,1.304,1.264,1.361,1.45,1.307,1.525601756
1/17/00,1.318,1.277,1.375,1.461,1.307,1.525014986
1/24/00,1.354,1.315,1.409,1.493,1.418,1.524428442
1/31/00,1.355,1.316,1.411,1.496,1.439,1.523842123
2/7/00,1.364,1.325,1.417,1.504,1.47,1.52325603
2/14/00,1.394,1.356,1.447,1.533,1.456,1.522670162
2/21/00,1.443,1.406,1.495,1.577,1.456,1.52208452
2/28/00,1.458,1.421,1.511,1.593,1.461,1.521499103
3/6/00,1.539,1.501,1.593,1.674,1.49,1.520913911
3/13/00,1.566,1.527,1.621,1.705,1.496,1.520328944
3/20/00,1.569,1.529,1.624,1.711,1.479,1.519744202
3/27/00,1.549,1.508,1.606,1.693,1.451,1.519159685
4/3/00,1.543,1.503,1.602,1.687,1.442,1.518575393
4/10/00,1.516,1.475,1.575,1.662,1.419,1.517991325
4/17/00,1.486,1.444,1.544,1.634,1.398,1.517407482
4/24/00,1.478,1.437,1.535,1.622,1.428,1.516823864
5/1/00,1.461,1.42,1.517,1.607,1.418,1.51624047
5/8/00,1.495,1.455,1.552,1.638,1.402,1.515657301
5/15/00,1.531,1.492,1.586,1.672,1.415,1.515074356
5/22/00,1.566,1.527,1.618,1.703,1.432,1.514491635
5/29/00,1.579,1.54,1.63,1.713,1.431,1.513909138
6/5/00,1.599,1.563,1.646,1.73,1.419,1.513326865
6/12/00,1.664,1.631,1.706,1.785,1.411,1.512744817
6/19/00,1.711,1.681,1.751,1.827,1.423,1.512162992
6/26/00,1.691,1.658,1.733,1.813,1.432,1.511581391
7/3/00,1.661,1.625,1.707,1.792,1.453,1.511000013
7/10/00,1.63,1.593,1.682,1.769,1.449,1.510418859
7/17/00,1.586,1.546,1.64,1.733,1.435,1.509837929
7/24/00,1.562,1.52,1.619,1.711,1.424,1.509257222
7/31/00,1.514,1.471,1.573,1.668,1.408,1.508676738
8/7/00,1.504,1.462,1.564,1.656,1.41,1.508096478
8/14/00,1.489,1.447,1.546,1.639,1.447,1.507516441
8/21/00,1.508,1.468,1.565,1.654,1.471,1.506936627
8/28/00,1.521,1.481,1.577,1.664,1.536,1.506357036
9/4/00,1.568,1.53,1.622,1.706,1.609,1.505777668
9/11/00,1.598,1.561,1.65,1.735,1.629,1.505198523
9/18/00,1.599,1.562,1.65,1.733,1.653,1.5046196
9/25/00,1.586,1.548,1.639,1.726,1.657,1.5040409
10/2/00,1.563,1.524,1.616,1.704,1.625,1.503462423
10/9/00,1.541,1.502,1.593,1.683,1.614,1.502884168
10/16/00,1.578,1.539,1.631,1.717,1.67,1.502306136
10/23/00,1.588,1.551,1.641,1.724,1.648,1.501728326
10/30/00,1.584,1.545,1.637,1.722,1.629,1.501150738
11/6/00,1.565,1.526,1.618,1.706,1.61,1.500573372
11/13/00,1.562,1.523,1.616,1.701,1.603,1.499996229
11/20/00,1.55,1.51,1.605,1.69,1.627,1.499419307
11/27/00,1.549,1.51,1.603,1.69,1.645,1.498842607
12/4/00,1.526,1.486,1.581,1.668,1.622,1.498266129
12/11/00,1.49,1.449,1.547,1.636,1.577,1.497689873
12/18/00,1.462,1.422,1.518,1.609,1.545,1.497113839
12/25/00,1.453,1.414,1.502,1.597,1.515,1.496538026
1/1/01,1.446,1.406,1.503,1.59,1.522,1.495962434
1/8/01,1.465,1.425,1.523,1.606,1.52,1.495387064
1/15/01,1.513,1.474,1.566,1.656,1.509,1.494811915
1/22/01,1.511,1.471,1.562,1.656,1.528,1.494236987
1/29/01,1.5,1.46,1.551,1.644,1.539,1.493662281
2/5/01,1.483,1.443,1.538,1.63,1.52,1.493087795
2/12/01,1.515,1.476,1.568,1.656,1.518,1.492513531
2/19/01,1.489,1.449,1.543,1.634,1.48,1.491939487
2/26/01,1.471,1.431,1.526,1.618,1.451,1.491365664
3/5/01,1.457,1.417,1.513,1.605,1.42,1.490792062
3/12/01,1.453,1.412,1.51,1.598,1.406,1.490218681
3/19/01,1.444,1.404,1.5,1.589,1.392,1.48964552
3/26/01,1.445,1.404,1.502,1.59,1.379,1.489072579
4/2/01,1.482,1.442,1.54,1.624,1.391,1.488499859
4/9/01,1.54,1.5,1.596,1.682,1.397,1.487927359
4/16/01,1.61,1.571,1.665,1.753,1.437,1.487355079
4/23/01,1.658,1.619,1.712,1.797,1.443,1.486783019
4/30/01,1.665,1.626,1.717,1.806,1.442,1.48621118
5/7/01,1.739,1.703,1.788,1.869,1.47,1.48563956
5/14/01,1.748,1.713,1.793,1.876,1.491,1.48506816
5/21/01,1.724,1.687,1.773,1.858,1.494,1.48449698
5/28/01,1.739,1.704,1.787,1.871,1.529,1.48392602
6/4/01,1.715,1.679,1.762,1.847,1.514,1.483355279
6/11/01,1.688,1.647,1.741,1.829,1.486,1.482784758
6/18/01,1.644,1.601,1.7,1.792,1.48,1.482214456
6/25/01,1.583,1.538,1.644,1.737,1.447,1.481644374
7/2/01,1.52,1.474,1.585,1.678,1.407,1.48107451
7/9/01,1.484,1.437,1.55,1.641,1.392,1.480504866
7/16/01,1.459,1.413,1.524,1.616,1.38,1.479935441
7/23/01,1.44,1.395,1.5,1.595,1.348,1.479366235
7/30/01,1.428,1.384,1.486,1.581,1.347,1.478797248
8/6/01,1.419,1.376,1.476,1.57,1.345,1.47822848
8/13/01,1.434,1.392,1.487,1.58,1.367,1.477659931
8/20/01,1.467,1.427,1.516,1.608,1.394,1.4770916
8/27/01,1.523,1.488,1.561,1.647,1.452,1.476523488
9/3/01,1.579,1.545,1.619,1.698,1.488,1.475955594
9/10/01,1.562,1.527,1.604,1.686,1.492,1.475387919
9/17/01,1.564,1.529,1.607,1.689,1.527,1.474820462
9/24/01,1.522,1.485,1.569,1.653,1.473,1.474253223
10/1/01,1.455,1.416,1.503,1.591,1.39,1.473686203
10/8/01,1.393,1.352,1.444,1.535,1.371,1.473119401
10/15/01,1.351,1.309,1.405,1.495,1.353,1.472552816
10/22/01,1.307,1.265,1.361,1.452,1.318,1.47198645
10/29/01,1.277,1.235,1.331,1.423,1.31,1.471420301
11/5/01,1.249,1.206,1.303,1.395,1.291,1.47085437
11/12/01,1.224,1.182,1.278,1.368,1.269,1.470288657
11/19/01,1.208,1.167,1.26,1.351,1.252,1.469723161
11/26/01,1.168,1.127,1.219,1.312,1.223,1.469157883
12/3/01,1.149,1.108,1.2,1.291,1.194,1.468592822
12/10/01,1.136,1.095,1.187,1.28,1.173,1.468027979
12/17/01,1.101,1.059,1.154,1.249,1.143,1.467463353
12/24/01,1.113,1.072,1.165,1.257,1.154,1.466898944
12/31/01,1.137,1.096,1.187,1.277,1.169,1.466334752
1/7/02,1.152,1.112,1.202,1.293,1.168,1.465770777
1/14/02,1.152,1.111,1.202,1.299,1.159,1.465207019
1/21/02,1.146,1.105,1.198,1.289,1.14,1.464643478
1/28/02,1.142,1.101,1.194,1.286,1.144,1.464080154
2/4/02,1.157,1.116,1.209,1.297,1.144,1.463517046
2/11/02,1.148,1.107,1.201,1.291,1.153,1.462954155
2/18/02,1.157,1.116,1.21,1.3,1.156,1.46239148
2/25/02,1.157,1.116,1.21,1.301,1.154,1.461829022
3/4/02,1.185,1.144,1.238,1.326,1.173,1.46126678
3/11/02,1.262,1.223,1.316,1.398,1.216,1.460704754
3/18/02,1.328,1.288,1.382,1.466,1.251,1.460142945
3/25/02,1.382,1.342,1.435,1.519,1.281,1.459581351
4/1/02,1.412,1.371,1.468,1.554,1.295,1.459019974
4/8/02,1.454,1.413,1.509,1.595,1.323,1.458458812
4/15/02,1.446,1.404,1.502,1.591,1.32,1.457897867
4/22/02,1.446,1.404,1.502,1.591,1.304,1.457337137
4/29/02,1.435,1.393,1.49,1.581,1.302,1.456776622
5/6/02,1.437,1.395,1.493,1.583,1.305,1.456216324
5/13/02,1.431,1.388,1.487,1.577,1.299,1.45565624
5/20/02,1.439,1.397,1.494,1.583,1.309,1.455096373
5/27/02,1.429,1.387,1.484,1.576,1.308,1.45453672
6/3/02,1.433,1.392,1.488,1.576,1.3,1.453977283
6/10/02,1.417,1.375,1.47,1.561,1.286,1.453418061
6/17/02,1.419,1.378,1.474,1.563,1.275,1.452859054
6/24/02,1.425,1.384,1.48,1.567,1.281,1.452300262
7/1/02,1.433,1.392,1.489,1.575,1.289,1.451741685
7/8/02,1.423,1.382,1.478,1.567,1.294,1.451183323
7/15/02,1.435,1.394,1.488,1.575,1.3,1.450625175
7/22/02,1.451,1.41,1.503,1.592,1.311,1.450067243
7/29/02,1.447,1.407,1.5,1.589,1.303,1.449509524
8/5/02,1.437,1.395,1.491,1.582,1.304,1.448952021
8/12/02,1.435,1.393,1.488,1.58,1.303,1.448394732
8/19/02,1.434,1.392,1.488,1.58,1.333,1.447837657
8/26/02,1.444,1.403,1.498,1.589,1.37,1.447280796
9/2/02,1.436,1.394,1.489,1.581,1.388,1.44672415
9/9/02,1.437,1.395,1.49,1.582,1.396,1.446167717
9/16/02,1.442,1.401,1.496,1.587,1.414,1.445611499
9/23/02,1.436,1.395,1.488,1.582,1.417,1.445055494
9/30/02,1.455,1.413,1.508,1.6,1.438,1.444499704
10/7/02,1.48,1.439,1.531,1.623,1.46,1.443944127
10/14/02,1.481,1.44,1.533,1.625,1.461,1.443388764
10/21/02,1.499,1.458,1.549,1.64,1.469,1.442833614
10/28/02,1.485,1.444,1.535,1.629,1.456,1.442278678
11/4/02,1.489,1.448,1.541,1.632,1.442,1.441723956
11/11/02,1.48,1.439,1.531,1.624,1.427,1.441169447
11/18/02,1.451,1.409,1.503,1.599,1.405,1.440615151
11/25/02,1.423,1.38,1.476,1.573,1.405,1.440061068
12/2/02,1.408,1.364,1.464,1.562,1.407,1.439507198
12/9/02,1.404,1.36,1.459,1.557,1.405,1.438953542
12/16/02,1.407,1.363,1.462,1.558,1.401,1.438400098
12/23/02,1.443,1.401,1.497,1.592,1.44,1.437846867
12/30/02,1.484,1.441,1.537,1.63,1.491,1.437293849
1/6/03,1.487,1.444,1.541,1.639,1.501,1.436741044
1/13/03,1.496,1.454,1.551,1.645,1.478,1.436188451
1/20/03,1.502,1.459,1.557,1.651,1.48,1.435636071
1/27/03,1.515,1.473,1.569,1.663,1.492,1.435083903
2/3/03,1.569,1.527,1.623,1.713,1.542,1.434531948
2/10/03,1.649,1.607,1.705,1.795,1.662,1.433980205
2/17/03,1.701,1.66,1.754,1.841,1.704,1.433428674
2/24/03,1.699,1.658,1.752,1.841,1.709,1.432877355
3/3/03,1.726,1.686,1.782,1.865,1.753,1.432326249
3/10/03,1.752,1.712,1.809,1.889,1.771,1.431775354
3/17/03,1.768,1.728,1.826,1.906,1.752,1.431224671
3/24/03,1.732,1.69,1.791,1.874,1.662,1.4306742
3/31/03,1.692,1.649,1.753,1.84,1.602,1.430123941
4/7/03,1.673,1.63,1.735,1.819,1.554,1.429573893
4/14/03,1.639,1.595,1.702,1.788,1.539,1.429024057
4/21/03,1.618,1.574,1.678,1.766,1.529,1.428474432
4/28/03,1.6,1.557,1.659,1.748,1.508,1.427925019
5/5/03,1.556,1.513,1.615,1.706,1.484,1.427375817
5/12/03,1.534,1.491,1.592,1.682,1.444,1.426826826
5/19/03,1.539,1.498,1.592,1.682,1.443,1.426278047
5/26/03,1.528,1.487,1.58,1.672,1.434,1.425729478
6/2/03,1.514,1.473,1.566,1.657,1.423,1.425181121
6/9/03,1.53,1.49,1.58,1.668,1.422,1.424632974
6/16/03,1.558,1.518,1.611,1.696,1.432,1.424085039
6/23/03,1.537,1.496,1.591,1.678,1.423,1.423537314
6/30/03,1.528,1.487,1.584,1.67,1.42,1.422989799
7/7/03,1.53,1.489,1.585,1.672,1.428,1.422442495
7/14/03,1.563,1.521,1.617,1.705,1.435,1.421895402
7/21/03,1.566,1.524,1.621,1.71,1.439,1.421348519
7/28/03,1.558,1.516,1.613,1.702,1.438,1.420801847
8/4/03,1.576,1.536,1.628,1.716,1.453,1.420255385
8/11/03,1.611,1.571,1.663,1.749,1.492,1.419709132
8/18/03,1.668,1.627,1.721,1.805,1.498,1.41916309
8/25/03,1.787,1.747,1.842,1.925,1.503,1.418617259
9/1/03,1.786,1.746,1.841,1.924,1.501,1.418071636
9/8/03,1.758,1.717,1.814,1.899,1.488,1.417526224
9/15/03,1.739,1.697,1.795,1.88,1.471,1.416981022
9/22/03,1.686,1.643,1.742,1.834,1.444,1.416436029
9/29/03,1.635,1.591,1.693,1.787,1.429,1.415891246
10/6/03,1.617,1.573,1.674,1.767,1.445,1.415346673
10/13/03,1.611,1.568,1.664,1.758,1.483,1.414802308
10/20/03,1.612,1.571,1.664,1.757,1.502,1.414258154
10/27/03,1.584,1.542,1.637,1.73,1.495,1.413714208
11/3/03,1.577,1.535,1.63,1.723,1.481,1.413170472
11/10/03,1.547,1.504,1.6,1.694,1.476,1.412626945
11/17/03,1.54,1.497,1.593,1.689,1.481,1.412083627
11/24/03,1.554,1.512,1.608,1.701,1.491,1.411540518
12/1/03,1.533,1.49,1.588,1.683,1.476,1.410997618
12/8/03,1.519,1.476,1.574,1.67,1.481,1.410454926
12/15/03,1.509,1.465,1.563,1.66,1.486,1.409912444
12/22/03,1.528,1.485,1.583,1.678,1.504,1.40937017
12/29/03,1.521,1.478,1.577,1.674,1.502,1.408828104
1/5/04,1.552,1.51,1.605,1.701,1.503,1.408286247
1/12/04,1.603,1.56,1.657,1.752,1.551,1.407744599
1/19/04,1.637,1.595,1.69,1.785,1.559,1.407203158
1/26/04,1.664,1.622,1.717,1.813,1.591,1.406661926
2/2/04,1.66,1.616,1.713,1.811,1.581,1.406120903
2/9/04,1.681,1.638,1.734,1.828,1.568,1.405580087
2/16/04,1.69,1.648,1.744,1.836,1.584,1.405039479
2/23/04,1.73,1.688,1.786,1.873,1.595,1.404499079
3/1/04,1.758,1.717,1.816,1.902,1.619,1.403958887
3/8/04,1.78,1.738,1.838,1.925,1.628,1.403418903
3/15/04,1.767,1.724,1.826,1.912,1.617,1.402879127
3/22/04,1.785,1.743,1.843,1.93,1.641,1.402339558
3/29/04,1.8,1.758,1.857,1.944,1.642,1.401800196
4/5/04,1.822,1.78,1.879,1.963,1.648,1.401261042
4/12/04,1.827,1.786,1.885,1.969,1.679,1.400722096
4/19/04,1.853,1.813,1.909,1.991,1.724,1.400183357
4/26/04,1.853,1.812,1.908,1.992,1.718,1.399644825
5/3/04,1.884,1.844,1.937,2.021,1.717,1.3991065
5/10/04,1.979,1.941,2.031,2.111,1.745,1.398568382
5/17/04,2.055,2.017,2.106,2.189,1.763,1.398030471
5/24/04,2.104,2.064,2.155,2.242,1.761,1.397492767
5/31/04,2.092,2.051,2.145,2.234,1.746,1.39695527
6/7/04,2.075,2.034,2.128,2.219,1.734,1.396417979
6/14/04,2.029,1.985,2.086,2.178,1.711,1.395880895
6/21/04,1.981,1.937,2.039,2.134,1.7,1.395344018
6/28/04,1.965,1.921,2.021,2.118,1.7,1.394807347
7/5/04,1.939,1.895,1.995,2.091,1.716,1.394270883
7/12/04,1.959,1.917,2.013,2.108,1.74,1.393734625
7/19/04,1.971,1.928,2.025,2.119,1.744,1.393198573
7/26/04,1.948,1.905,2.003,2.097,1.754,1.392662727
8/2/04,1.93,1.888,1.985,2.078,1.78,1.392127088
8/9/04,1.92,1.877,1.973,2.068,1.814,1.391591654
8/16/04,1.917,1.875,1.97,2.064,1.825,1.391056427
8/23/04,1.926,1.884,1.978,2.071,1.874,1.390521405
8/30/04,1.909,1.866,1.964,2.056,1.871,1.389986589
9/6/04,1.893,1.85,1.949,2.043,1.869,1.389451979
9/13/04,1.889,1.846,1.945,2.037,1.874,1.388917574
9/20/04,1.908,1.866,1.962,2.054,1.912,1.388383375
9/27/04,1.959,1.917,2.012,2.103,2.012,1.387849382
10/4/04,1.98,1.938,2.035,2.125,2.053,1.387315594
10/11/04,2.035,1.993,2.091,2.179,2.092,1.386782011
10/18/04,2.077,2.035,2.133,2.222,2.18,1.386248633
10/25/04,2.074,2.032,2.133,2.221,2.212,1.38571546
11/1/04,2.076,2.034,2.134,2.223,2.206,1.385182493
11/8/04,2.045,2.001,2.105,2.196,2.163,1.38464973
11/15/04,2.014,1.969,2.075,2.168,2.132,1.384117173
11/22/04,1.992,1.948,2.051,2.146,2.116,1.38358482
11/29/04,1.989,1.945,2.047,2.142,2.116,1.383052672
12/6/04,1.956,1.911,2.014,2.111,2.069,1.382520729
12/13/04,1.893,1.847,1.953,2.053,1.997,1.38198899
12/20/04,1.861,1.815,1.921,2.02,1.984,1.381457456
12/27/04,1.838,1.791,1.898,1.998,1.987,1.380926126
1/3/05,1.824,1.778,1.882,1.985,1.957,1.380395
1/10/05,1.837,1.793,1.893,1.993,1.934,1.379864079
1/17/05,1.863,1.819,1.918,2.017,1.952,1.379333362
1/24/05,1.896,1.853,1.95,2.046,1.959,1.37880285
1/31/05,1.953,1.911,2.006,2.103,1.992,1.378272541
2/7/05,1.952,1.909,2.006,2.102,1.983,1.377742436
2/14/05,1.941,1.898,1.995,2.091,1.986,1.377212535
2/21/05,1.948,1.905,2.004,2.096,2.02,1.376682838
2/28/05,1.969,1.928,2.025,2.113,2.118,1.376153344
3/7/05,2.04,1.999,2.094,2.182,2.168,1.375624055
3/14/05,2.098,2.056,2.151,2.241,2.194,1.375094969
3/21/05,2.149,2.109,2.2,2.292,2.244,1.374566086
3/28/05,2.194,2.153,2.25,2.336,2.249,1.374037407
4/4/05,2.258,2.217,2.313,2.4,2.303,1.373508931
4/11/05,2.321,2.28,2.377,2.464,2.316,1.372980658
4/18/05,2.28,2.237,2.339,2.427,2.259,1.372452589
4/25/05,2.279,2.236,2.337,2.426,2.289,1.371924722
5/2/05,2.277,2.235,2.333,2.425,2.262,1.371397059
5/9/05,2.231,2.186,2.291,2.385,2.227,1.370869598
5/16/05,2.206,2.163,2.262,2.357,2.189,1.370342341
5/23/05,2.169,2.125,2.226,2.322,2.156,1.369815286
5/30/05,2.141,2.097,2.198,2.295,2.16,1.369288434
6/6/05,2.159,2.116,2.214,2.309,2.234,1.368761785
6/13/05,2.173,2.13,2.227,2.323,2.276,1.368235338
6/20/05,2.204,2.161,2.257,2.353,2.313,1.367709093
6/27/05,2.257,2.215,2.307,2.402,2.336,1.367183052
7/4/05,2.268,2.226,2.321,2.414,2.348,1.366657212
7/11/05,2.369,2.328,2.419,2.517,2.408,1.366131574
7/18/05,2.36,2.317,2.41,2.511,2.392,1.365606139
7/25/05,2.333,2.289,2.388,2.488,2.342,1.365080906
8/1/05,2.335,2.291,2.389,2.49,2.348,1.364555875
8/8/05,2.41,2.368,2.461,2.56,2.407,1.364031046
8/15/05,2.592,2.55,2.643,2.742,2.567,1.363506419
8/22/05,2.654,2.612,2.704,2.802,2.588,1.362981993
8/29/05,2.653,2.61,2.705,2.801,2.59,1.362457769
9/5/05,3.117,3.069,3.172,3.285,2.898,1.361933747
9/12/05,3.002,2.955,3.054,3.171,2.847,1.361409926
9/19/05,2.835,2.786,2.894,3.009,2.732,1.360886307
9/26/05,2.851,2.803,2.909,3.018,2.798,1.360362889
10/3/05,2.975,2.928,3.033,3.139,3.144,1.359839673
10/10/05,2.896,2.848,2.959,3.064,3.15,1.359316657
10/17/05,2.775,2.725,2.838,2.947,3.148,1.358793843
10/24/05,2.652,2.603,2.716,2.822,3.157,1.35827123
10/31/05,2.528,2.48,2.59,2.698,2.876,1.357748818
11/7/05,2.424,2.376,2.485,2.59,2.698,1.357226607
11/14/05,2.342,2.296,2.402,2.505,2.602,1.356704597
11/21/05,2.247,2.201,2.306,2.408,2.513,1.356182788
11/28/05,2.2,2.154,2.258,2.358,2.479,1.355661179
12/5/05,2.191,2.147,2.245,2.345,2.425,1.355139771
12/12/05,2.228,2.185,2.281,2.381,2.436,1.354618563
12/19/05,2.255,2.211,2.308,2.409,2.462,1.354097556
12/26/05,2.241,2.197,2.292,2.397,2.448,1.353576749
1/2/06,2.281,2.238,2.329,2.437,2.442,1.353056143
1/9/06,2.371,2.327,2.421,2.531,2.485,1.352535737
1/16/06,2.366,2.32,2.421,2.531,2.449,1.35201553
1/23/06,2.382,2.336,2.436,2.547,2.472,1.351495524
1/30/06,2.402,2.357,2.456,2.564,2.489,1.350975719
2/6/06,2.388,2.342,2.445,2.549,2.499,1.350456112
2/13/06,2.331,2.284,2.391,2.494,2.476,1.349936706
2/20/06,2.286,2.24,2.345,2.445,2.455,1.3494175
2/27/06,2.298,2.254,2.351,2.45,2.471,1.348898493
3/6/06,2.373,2.331,2.425,2.519,2.545,1.348379686
3/13/06,2.408,2.366,2.46,2.556,2.543,1.347861078
3/20/06,2.548,2.504,2.602,2.701,2.581,1.34734267
3/27/06,2.542,2.498,2.597,2.695,2.565,1.346824462
4/3/06,2.631,2.588,2.684,2.785,2.617,1.346306452
4/10/06,2.727,2.683,2.781,2.883,2.654,1.345788642
4/17/06,2.828,2.783,2.879,2.986,2.765,1.345271031
4/24/06,2.96,2.914,3.014,3.121,2.876,1.344753619
5/1/06,2.966,2.919,3.026,3.129,2.896,1.344236406
5/8/06,2.955,2.909,3.017,3.117,2.897,1.343719392
5/15/06,2.992,2.947,3.049,3.149,2.92,1.343202577
5/22/06,2.938,2.892,2.998,3.098,2.888,1.342685961
5/29/06,2.913,2.867,2.971,3.071,2.882,1.342169543
6/5/06,2.937,2.892,2.995,3.095,2.89,1.341653324
6/12/06,2.951,2.906,3.009,3.108,2.918,1.341137303
6/19/06,2.917,2.871,2.977,3.077,2.915,1.340621481
6/26/06,2.914,2.869,2.972,3.072,2.867,1.340105858
7/3/06,2.979,2.934,3.034,3.133,2.898,1.339590432
7/10/06,3.017,2.973,3.072,3.169,2.918,1.339075205
7/17/06,3.033,2.989,3.089,3.186,2.926,1.338560176
7/24/06,3.048,3.003,3.106,3.205,2.946,1.338045345
7/31/06,3.05,3.004,3.106,3.211,2.98,1.337530713
8/7/06,3.083,3.038,3.137,3.242,3.055,1.337016278
8/14/06,3.047,3,3.104,3.21,3.065,1.336502041
8/21/06,2.971,2.924,3.031,3.136,3.033,1.335988002
8/28/06,2.893,2.845,2.953,3.064,3.027,1.33547416
9/4/06,2.777,2.727,2.842,2.952,2.967,1.334960516
9/11/06,2.67,2.618,2.739,2.847,2.857,1.33444707
9/18/06,2.549,2.497,2.617,2.729,2.713,1.333933821
9/25/06,2.429,2.378,2.498,2.605,2.595,1.333420769
10/2/06,2.36,2.31,2.426,2.531,2.546,1.332907915
10/9/06,2.31,2.261,2.373,2.478,2.506,1.332395258
10/16/06,2.274,2.226,2.338,2.44,2.503,1.331882799
10/23/06,2.255,2.208,2.315,2.418,2.524,1.331370536
10/30/06,2.264,2.218,2.322,2.424,2.517,1.33085847
11/6/06,2.246,2.2,2.306,2.407,2.506,1.330346602
11/13/06,2.278,2.232,2.338,2.437,2.552,1.32983493
11/20/06,2.285,2.239,2.346,2.445,2.553,1.329323455
11/27/06,2.292,2.246,2.352,2.453,2.567,1.328812177
12/4/06,2.342,2.297,2.399,2.502,2.618,1.328301095
12/11/06,2.34,2.293,2.399,2.502,2.621,1.32779021
12/18/06,2.366,2.32,2.424,2.527,2.606,1.327279522
12/25/06,2.387,2.341,2.446,2.548,2.596,1.326769029
1/1/07,2.382,2.334,2.442,2.547,2.58,1.326258734
1/8/07,2.354,2.306,2.418,2.523,2.537,1.325748634
1/15/07,2.28,2.229,2.347,2.453,2.463,1.325238731
1/22/07,2.216,2.165,2.285,2.391,2.43,1.324729024
1/29/07,2.213,2.165,2.277,2.381,2.413,1.324219512
2/5/07,2.237,2.191,2.3,2.396,2.435,1.323710197
2/12/07,2.287,2.241,2.35,2.442,2.476,1.323201078
2/19/07,2.341,2.296,2.401,2.495,2.491,1.322692154
2/26/07,2.428,2.383,2.488,2.581,2.551,1.322183427
3/5/07,2.551,2.505,2.609,2.709,2.626,1.321674895
3/12/07,2.605,2.559,2.667,2.763,2.685,1.321166558
3/19/07,2.623,2.577,2.688,2.781,2.681,1.320658417
3/26/07,2.655,2.61,2.716,2.812,2.676,1.320150472
4/2/07,2.753,2.707,2.814,2.912,2.79,1.319642721
4/9/07,2.848,2.802,2.909,3.007,2.84,1.319135167
4/16/07,2.922,2.876,2.983,3.083,2.877,1.318627807
4/23/07,2.917,2.869,2.98,3.082,2.851,1.318120642
4/30/07,3.017,2.971,3.079,3.176,2.811,1.317613673
5/7/07,3.097,3.054,3.155,3.247,2.792,1.317106898
5/14/07,3.143,3.103,3.197,3.284,2.773,1.316600319
5/21/07,3.258,3.218,3.308,3.398,2.803,1.316093934
5/28/07,3.25,3.209,3.302,3.395,2.817,1.315587744
6/4/07,3.2,3.157,3.255,3.351,2.799,1.315081749
6/11/07,3.122,3.076,3.185,3.281,2.792,1.314575948
6/18/07,3.057,3.009,3.116,3.222,2.805,1.314070342
6/25/07,3.029,2.982,3.089,3.196,2.835,1.31356493
7/2/07,3.005,2.959,3.064,3.168,2.829,1.313059713
7/9/07,3.026,2.981,3.077,3.182,2.849,1.31255469
7/16/07,3.092,3.049,3.143,3.242,2.889,1.312049861
7/23/07,3.005,2.958,3.062,3.168,2.889,1.311545227
7/30/07,2.926,2.876,2.987,3.099,2.886,1.311040786
8/6/07,2.888,2.838,2.951,3.062,2.898,1.31053654
8/13/07,2.821,2.771,2.88,2.995,2.847,1.310032487
8/20/07,2.832,2.785,2.886,2.997,2.868,1.309528629
8/27/07,2.796,2.749,2.851,2.963,2.863,1.309024964
9/3/07,2.84,2.796,2.89,2.997,2.893,1.308521493
9/10/07,2.862,2.818,2.912,3.018,2.924,1.308018215
9/17/07,2.835,2.787,2.892,3.001,2.964,1.307515131
9/24/07,2.86,2.812,2.917,3.029,3.032,1.307012241
10/1/07,2.838,2.788,2.903,3.013,3.048,1.306509544
10/8/07,2.821,2.77,2.887,2.997,3.035,1.30600704
10/15/07,2.813,2.762,2.879,2.99,3.039,1.30550473
10/22/07,2.873,2.823,2.937,3.046,3.094,1.305002613
10/29/07,2.921,2.872,2.983,3.092,3.157,1.304500688
11/5/07,3.06,3.013,3.117,3.224,3.303,1.303998957
11/12/07,3.158,3.111,3.218,3.325,3.425,1.303497419
11/19/07,3.148,3.099,3.208,3.32,3.41,1.302996074
11/26/07,3.147,3.097,3.209,3.319,3.444,1.302494922
12/3/07,3.113,3.061,3.178,3.292,3.416,1.301993962
12/10/07,3.053,3,3.121,3.238,3.325,1.301493195
12/17/07,3.05,2.998,3.116,3.232,3.309,1.300992621
12/24/07,3.032,2.98,3.099,3.214,3.308,1.300492239
12/31/07,3.104,3.053,3.167,3.283,3.345,1.29999205
1/7/08,3.159,3.109,3.22,3.335,3.376,1.299492053
1/14/08,3.119,3.068,3.185,3.3,3.326,1.298992248
1/21/08,3.07,3.017,3.136,3.256,3.27,1.298492636
1/28/08,3.03,2.977,3.097,3.217,3.259,1.297993216
2/4/08,3.03,2.978,3.094,3.212,3.28,1.297493988
2/11/08,3.011,2.96,3.074,3.19,3.28,1.296994951
2/18/08,3.092,3.042,3.153,3.266,3.396,1.296496107
2/25/08,3.18,3.13,3.243,3.354,3.552,1.295997455
3/3/08,3.212,3.162,3.277,3.386,3.658,1.295498994
3/10/08,3.273,3.225,3.334,3.443,3.819,1.295000725
3/17/08,3.332,3.284,3.398,3.5,3.974,1.294502648
3/24/08,3.31,3.259,3.378,3.486,3.989,1.294004763
3/31/08,3.339,3.29,3.405,3.512,3.964,1.293507068
4/7/08,3.381,3.332,3.444,3.55,3.955,1.293009566
4/14/08,3.438,3.389,3.502,3.607,4.059,1.292512254
4/21/08,3.557,3.508,3.621,3.729,4.143,1.292015134
4/28/08,3.653,3.603,3.716,3.829,4.177,1.291518205
5/5/08,3.663,3.613,3.725,3.842,4.149,1.291021468
5/12/08,3.771,3.722,3.83,3.944,4.331,1.290524921
5/19/08,3.84,3.791,3.897,4.017,4.497,1.290028565
5/26/08,3.986,3.937,4.045,4.159,4.723,1.2895324
6/2/08,4.026,3.976,4.086,4.201,4.707,1.289036426
6/9/08,4.09,4.039,4.152,4.267,4.692,1.288540643
6/16/08,4.134,4.082,4.199,4.314,4.692,1.288045051
6/23/08,4.131,4.079,4.197,4.312,4.648,1.287549649
6/30/08,4.146,4.095,4.209,4.326,4.645,1.287054437
7/7/08,4.165,4.114,4.229,4.344,4.727,1.286559416
7/14/08,4.164,4.113,4.228,4.341,4.764,1.286064586
7/21/08,4.118,4.064,4.186,4.303,4.718,1.285569945
7/28/08,4.01,3.955,4.082,4.205,4.603,1.285075496
8/4/08,3.935,3.88,4.006,4.13,4.502,1.284581236
8/11/08,3.864,3.809,3.932,4.055,4.353,1.284087166
8/18/08,3.794,3.74,3.862,3.979,4.207,1.283593286
8/25/08,3.738,3.685,3.806,3.922,4.145,1.283099597
9/1/08,3.733,3.68,3.802,3.918,4.121,1.282606097
9/8/08,3.701,3.648,3.769,3.885,4.059,1.282112787
9/15/08,3.887,3.835,3.948,4.073,4.023,1.281619666
9/22/08,3.772,3.718,3.839,3.963,3.958,1.281126736
9/29/08,3.687,3.632,3.755,3.883,3.959,1.280633995
10/6/08,3.543,3.484,3.618,3.746,3.875,1.280141443
10/13/08,3.213,3.151,3.296,3.425,3.659,1.279649081
10/20/08,2.974,2.914,3.053,3.182,3.482,1.279156908
10/27/08,2.718,2.656,2.8,2.929,3.288,1.278664925
11/3/08,2.462,2.4,2.543,2.677,3.088,1.278173131
11/10/08,2.284,2.224,2.363,2.494,2.944,1.277681526
11/17/08,2.132,2.072,2.211,2.339,2.809,1.27719011
11/24/08,1.952,1.892,2.029,2.163,2.664,1.276698883
12/1/08,1.87,1.811,1.945,2.077,2.615,1.276207845
12/8/08,1.758,1.699,1.832,1.965,2.515,1.275716996
12/15/08,1.716,1.659,1.785,1.915,2.422,1.275226335
12/22/08,1.71,1.653,1.781,1.907,2.366,1.274735863
12/29/08,1.67,1.613,1.743,1.866,2.327,1.27424558
1/5/09,1.737,1.684,1.8,1.922,2.291,1.273755486
1/12/09,1.835,1.784,1.9,2.015,2.314,1.27326558
1/19/09,1.898,1.847,1.961,2.077,2.296,1.272775863
1/26/09,1.89,1.838,1.954,2.07,2.268,1.272286333
2/2/09,1.944,1.892,2.007,2.126,2.246,1.271796992
2/9/09,1.978,1.926,2.044,2.161,2.219,1.27130784
2/16/09,2.016,1.964,2.083,2.198,2.186,1.270818875
2/23/09,1.963,1.909,2.032,2.153,2.13,1.270330099
3/2/09,1.988,1.934,2.057,2.174,2.087,1.26984151
3/9/09,1.993,1.941,2.059,2.175,2.045,1.26935311
3/16/09,1.964,1.91,2.034,2.151,2.017,1.268864897
3/23/09,2.014,1.962,2.079,2.193,2.09,1.268376872
3/30/09,2.097,2.046,2.163,2.275,2.221,1.267889035
4/6/09,2.09,2.037,2.158,2.271,2.228,1.267401385
4/13/09,2.104,2.051,2.172,2.284,2.229,1.266913923
4/20/09,2.112,2.059,2.181,2.294,2.221,1.266426648
4/27/09,2.102,2.049,2.171,2.285,2.201,1.265939561
5/4/09,2.129,2.078,2.195,2.308,2.185,1.265452661
5/11/09,2.29,2.24,2.352,2.467,2.216,1.264965949
5/18/09,2.36,2.309,2.424,2.54,2.231,1.264479423
5/25/09,2.485,2.435,2.547,2.661,2.274,1.263993085
6/1/09,2.572,2.524,2.63,2.741,2.352,1.263506934
6/8/09,2.673,2.624,2.731,2.843,2.498,1.26302097
6/15/09,2.722,2.672,2.784,2.896,2.572,1.262535193
6/22/09,2.743,2.691,2.808,2.924,2.616,1.262049602
6/29/09,2.695,2.642,2.763,2.883,2.608,1.261564198
7/6/09,2.666,2.612,2.736,2.855,2.594,1.261078981
7/13/09,2.584,2.528,2.656,2.779,2.542,1.260593951
7/20/09,2.519,2.463,2.591,2.714,2.496,1.260109107
7/27/09,2.557,2.503,2.625,2.744,2.528,1.25962445
8/3/09,2.61,2.557,2.676,2.793,2.55,1.259139979
8/10/09,2.7,2.647,2.767,2.883,2.625,1.258655694
8/17/09,2.691,2.637,2.761,2.877,2.652,1.258171596
8/24/09,2.682,2.628,2.751,2.869,2.668,1.257687684
8/31/09,2.667,2.613,2.739,2.857,2.674,1.257203958
9/7/09,2.642,2.588,2.711,2.831,2.647,1.256720418
9/14/09,2.632,2.577,2.704,2.818,2.634,1.256237064
9/21/09,2.607,2.552,2.68,2.793,2.622,1.255753896
9/28/09,2.554,2.499,2.631,2.741,2.601,1.255270913
10/5/09,2.523,2.468,2.6,2.711,2.582,1.254788117
10/12/09,2.543,2.489,2.614,2.727,2.6,1.254305506
10/19/09,2.626,2.574,2.694,2.807,2.705,1.253823081
10/26/09,2.727,2.674,2.792,2.909,2.801,1.253340841
11/2/09,2.746,2.694,2.812,2.93,2.808,1.252858787
11/9/09,2.72,2.666,2.787,2.908,2.801,1.252376918
11/16/09,2.684,2.629,2.755,2.877,2.79,1.251895235
11/23/09,2.694,2.639,2.764,2.883,2.787,1.251413737
11/30/09,2.684,2.629,2.754,2.875,2.775,1.250932424
12/7/09,2.689,2.634,2.761,2.882,2.772,1.250451296
12/14/09,2.655,2.599,2.727,2.849,2.748,1.249970353
12/21/09,2.645,2.589,2.717,2.839,2.726,1.249489595
12/28/09,2.662,2.607,2.731,2.853,2.732,1.249009022
1/4/10,2.718,2.665,2.784,2.905,2.797,1.248528634
1/11/10,2.804,2.751,2.869,2.988,2.879,1.248048431
1/18/10,2.793,2.739,2.861,2.983,2.87,1.247568412
1/25/10,2.76,2.705,2.832,2.953,2.833,1.247088578
2/1/10,2.717,2.661,2.787,2.911,2.781,1.246608929
2/8/10,2.707,2.652,2.778,2.9,2.769,1.246129464
2/15/10,2.664,2.608,2.738,2.862,2.756,1.245650183
2/22/10,2.709,2.655,2.778,2.899,2.832,1.245171087
3/1/10,2.756,2.702,2.827,2.943,2.861,1.244692175
3/8/10,2.804,2.751,2.871,2.988,2.904,1.244213447
3/15/10,2.841,2.788,2.908,3.024,2.924,1.243734904
3/22/10,2.87,2.819,2.936,3.05,2.946,1.243256544
3/29/10,2.851,2.798,2.918,3.034,2.939,1.242778369
4/5/10,2.877,2.826,2.94,3.056,3.015,1.242300377
4/12/10,2.909,2.858,2.972,3.088,3.069,1.241822569
4/19/10,2.911,2.86,2.974,3.091,3.074,1.241344945
4/26/10,2.901,2.849,2.966,3.083,3.078,1.240867505
5/3/10,2.95,2.898,3.011,3.131,3.122,1.240390248
5/10/10,2.958,2.905,3.023,3.142,3.127,1.239913175
5/17/10,2.918,2.864,2.985,3.107,3.094,1.239436285
5/24/10,2.842,2.786,2.914,3.037,3.021,1.238959579
5/31/10,2.784,2.728,2.855,2.98,2.98,1.238483056
6/7/10,2.78,2.725,2.849,2.972,2.946,1.238006716
6/14/10,2.756,2.701,2.825,2.947,2.928,1.23753056
6/21/10,2.795,2.743,2.861,2.98,2.961,1.237054586
6/28/10,2.809,2.757,2.873,2.992,2.956,1.236578796
7/5/10,2.779,2.726,2.846,2.964,2.924,1.236103189
7/12/10,2.771,2.718,2.838,2.956,2.903,1.235627765
7/19/10,2.775,2.722,2.843,2.958,2.899,1.235152523
7/26/10,2.801,2.749,2.867,2.982,2.919,1.234677465
8/2/10,2.788,2.735,2.856,2.973,2.928,1.234202589
8/9/10,2.835,2.783,2.903,3.016,2.991,1.233727895
8/16/10,2.798,2.745,2.869,2.982,2.979,1.233253385
8/23/10,2.759,2.704,2.831,2.945,2.957,1.232779056
8/30/10,2.736,2.682,2.806,2.922,2.938,1.232304911
9/6/10,2.735,2.682,2.803,2.917,2.931,1.231830947
9/13/10,2.772,2.721,2.836,2.95,2.943,1.231357166
9/20/10,2.775,2.723,2.844,2.954,2.96,1.230883567
9/27/10,2.747,2.694,2.818,2.932,2.951,1.23041015
10/4/10,2.784,2.732,2.85,2.966,3,1.229936916
10/11/10,2.871,2.819,2.934,3.053,3.066,1.229463863
10/18/10,2.887,2.834,2.953,3.071,3.073,1.228990992
10/25/10,2.87,2.817,2.938,3.058,3.067,1.228518303
11/1/10,2.861,2.806,2.929,3.051,3.067,1.228045796
11/8/10,2.917,2.865,2.979,3.102,3.116,1.227573471
11/15/10,2.944,2.892,3.007,3.13,3.184,1.227101328
11/22/10,2.931,2.876,2.999,3.124,3.171,1.226629365
11/29/10,2.912,2.856,2.982,3.108,3.162,1.226157585
12/6/10,3.013,2.958,3.079,3.207,3.197,1.225685986
12/13/10,3.035,2.98,3.101,3.227,3.231,1.225214568
12/20/10,3.037,2.982,3.104,3.231,3.248,1.224743332
12/27/10,3.106,3.052,3.171,3.296,3.294,1.224272277
1/3/11,3.124,3.07,3.188,3.314,3.331,1.223801403
1/10/11,3.142,3.089,3.204,3.33,3.333,1.22333071
1/17/11,3.158,3.104,3.222,3.347,3.407,1.222860198
1/24/11,3.163,3.11,3.227,3.353,3.43,1.222389867
1/31/11,3.155,3.101,3.221,3.345,3.438,1.221919717
2/7/11,3.185,3.132,3.251,3.371,3.513,1.221449748
2/14/11,3.193,3.14,3.259,3.382,3.534,1.22097996
2/21/11,3.243,3.189,3.311,3.428,3.573,1.220510352
2/28/11,3.435,3.383,3.499,3.62,3.716,1.220040925
3/7/11,3.572,3.52,3.636,3.758,3.871,1.219571679
3/14/11,3.621,3.567,3.69,3.809,3.908,1.219102613
3/21/11,3.617,3.562,3.686,3.806,3.907,1.218633727
3/28/11,3.65,3.596,3.718,3.836,3.932,1.218165022
4/4/11,3.737,3.684,3.801,3.921,3.976,1.217696497
4/11/11,3.843,3.791,3.907,4.027,4.078,1.217228152
4/18/11,3.896,3.844,3.96,4.08,4.105,1.216759987
4/25/11,3.932,3.879,3.994,4.117,4.098,1.216292003
5/2/11,4.014,3.963,4.075,4.198,4.124,1.215824198
5/9/11,4.018,3.965,4.081,4.206,4.104,1.215356573
5/16/11,4.014,3.96,4.079,4.204,4.061,1.214889128
5/23/11,3.904,3.849,3.975,4.1,3.997,1.214421863
5/30/11,3.848,3.794,3.914,4.041,3.948,1.213954778
6/6/11,3.833,3.781,3.891,4.02,3.94,1.213487872
6/13/11,3.767,3.713,3.829,3.958,3.954,1.213021146
6/20/11,3.708,3.652,3.776,3.904,3.95,1.2125546
6/27/11,3.631,3.574,3.7,3.833,3.888,1.212088232
7/4/11,3.634,3.579,3.699,3.829,3.85,1.211622045
7/11/11,3.695,3.641,3.756,3.889,3.899,1.211156036
7/18/11,3.736,3.682,3.796,3.932,3.923,1.210690207
7/25/11,3.754,3.699,3.819,3.951,3.949,1.210224557
8/1/11,3.766,3.711,3.829,3.963,3.937,1.209759086
8/8/11,3.73,3.674,3.794,3.927,3.897,1.209293794
8/15/11,3.662,3.604,3.728,3.865,3.835,1.208828681
8/22/11,3.638,3.581,3.703,3.839,3.81,1.208363747
8/29/11,3.682,3.627,3.746,3.874,3.82,1.207898992
9/5/11,3.727,3.674,3.791,3.914,3.868,1.207434415
9/12/11,3.715,3.661,3.78,3.904,3.862,1.206970017
9/19/11,3.657,3.601,3.727,3.853,3.833,1.206505798
9/26/11,3.568,3.509,3.642,3.77,3.786,1.206041757
10/3/11,3.492,3.433,3.569,3.698,3.749,1.205577895
10/10/11,3.476,3.417,3.551,3.679,3.721,1.205114211
10/17/11,3.533,3.476,3.604,3.73,3.801,1.204650706
10/24/11,3.52,3.462,3.594,3.721,3.825,1.204187379
10/31/11,3.511,3.452,3.587,3.713,3.892,1.20372423
11/7/11,3.482,3.424,3.558,3.683,3.887,1.203261259
11/14/11,3.495,3.436,3.571,3.697,3.987,1.202798466
11/21/11,3.427,3.368,3.503,3.634,4.01,1.202335851
11/28/11,3.368,3.307,3.447,3.581,3.964,1.201873414
12/5/11,3.35,3.29,3.426,3.56,3.931,1.201411155
12/12/11,3.346,3.286,3.421,3.554,3.894,1.200949074
12/19/11,3.29,3.229,3.368,3.504,3.828,1.200487171
12/26/11,3.317,3.258,3.388,3.524,3.791,1.200025445
1/2/12,3.358,3.299,3.429,3.567,3.783,1.199563896
1/9/12,3.441,3.382,3.512,3.649,3.828,1.199102526
1/16/12,3.451,3.391,3.522,3.66,3.854,1.198641332
1/23/12,3.45,3.389,3.522,3.664,3.848,1.198180317
1/30/12,3.5,3.439,3.573,3.716,3.85,1.197719478
2/6/12,3.542,3.482,3.614,3.756,3.856,1.197258817
2/13/12,3.584,3.523,3.659,3.798,3.943,1.196798332
2/20/12,3.652,3.591,3.729,3.865,3.96,1.196338025
2/27/12,3.78,3.721,3.855,3.983,4.051,1.195877895
3/5/12,3.849,3.793,3.92,4.043,4.094,1.195417942
3/12/12,3.884,3.829,3.954,4.077,4.123,1.194958166
3/19/12,3.923,3.867,3.993,4.117,4.142,1.194498567
3/26/12,3.973,3.918,4.042,4.168,4.147,1.194039144
4/2/12,3.996,3.941,4.063,4.193,4.142,1.193579899
4/9/12,3.997,3.939,4.067,4.201,4.148,1.193120829
4/16/12,3.98,3.922,4.047,4.183,4.127,1.192661937
4/23/12,3.929,3.87,3.999,4.136,4.085,1.192203221
4/30/12,3.889,3.83,3.962,4.097,4.073,1.191744681
5/7/12,3.849,3.79,3.923,4.054,4.057,1.191286318
5/14/12,3.814,3.754,3.895,4.02,4.004,1.190828131
5/21/12,3.773,3.715,3.85,3.975,3.956,1.19037012
5/28/12,3.728,3.67,3.805,3.929,3.897,1.189912285
6/4/12,3.671,3.613,3.75,3.871,3.846,1.189454626
6/11/12,3.629,3.572,3.703,3.829,3.781,1.188997144
6/18/12,3.589,3.533,3.661,3.78,3.729,1.188539837
6/25/12,3.494,3.437,3.568,3.693,3.678,1.188082707
7/2/12,3.415,3.356,3.489,3.618,3.648,1.187625752
7/9/12,3.469,3.411,3.539,3.674,3.683,1.187168973
7/16/12,3.485,3.427,3.551,3.69,3.695,1.186712369
7/23/12,3.554,3.494,3.626,3.765,3.783,1.186255941
7/30/12,3.568,3.508,3.639,3.779,3.796,1.185799689
8/6/12,3.702,3.645,3.767,3.907,3.85,1.185343612
8/13/12,3.779,3.721,3.847,3.985,3.965,1.184887711
8/20/12,3.803,3.744,3.874,4.014,4.026,1.184431985
8/27/12,3.837,3.776,3.909,4.051,4.089,1.183976434
9/3/12,3.903,3.843,3.975,4.111,4.127,1.183521058
9/10/12,3.907,3.847,3.981,4.119,4.132,1.183065858
9/17/12,3.939,3.878,4.013,4.154,4.135,1.182610833
9/24/12,3.889,3.826,3.966,4.11,4.086,1.182155982
10/1/12,3.866,3.804,3.944,4.087,4.079,1.181701307
10/8/12,3.914,3.85,4.002,4.133,4.094,1.181246807
10/15/12,3.886,3.819,3.976,4.113,4.15,1.180792481
10/22/12,3.756,3.687,3.85,3.992,4.116,1.18033833
10/29/12,3.638,3.568,3.733,3.878,4.03,1.179884354
11/5/12,3.563,3.492,3.652,3.808,4.01,1.179430552
11/12/12,3.518,3.449,3.605,3.761,3.98,1.178976925
11/19/12,3.497,3.429,3.579,3.74,3.976,1.178523472
11/26/12,3.505,3.437,3.585,3.746,4.034,1.178070194
12/3/12,3.463,3.394,3.548,3.707,4.027,1.17761709
12/10/12,3.419,3.349,3.504,3.664,3.991,1.17716416
12/17/12,3.324,3.254,3.409,3.571,3.945,1.176711405
12/24/12,3.328,3.257,3.415,3.576,3.923,1.176258824
12/31/12,3.369,3.298,3.455,3.617,3.918,1.175806416
1/7/13,3.373,3.299,3.463,3.631,3.911,1.175354183
1/14/13,3.377,3.303,3.467,3.637,3.894,1.174902124
1/21/13,3.386,3.315,3.473,3.636,3.902,1.174450238
1/28/13,3.427,3.357,3.512,3.673,3.927,1.173998527
2/4/13,3.604,3.538,3.683,3.841,4.022,1.173546989
2/11/13,3.677,3.611,3.756,3.91,4.104,1.173095625
2/18/13,3.812,3.747,3.891,4.042,4.157,1.172644434
2/25/13,3.851,3.784,3.934,4.084,4.159,1.172193417
3/4/13,3.826,3.759,3.91,4.061,4.13,1.171742573
3/11/13,3.779,3.71,3.865,4.018,4.088,1.171291903
3/18/13,3.764,3.696,3.85,4.002,4.047,1.170841406
3/25/13,3.746,3.68,3.828,3.981,4.006,1.170391083
4/1/13,3.714,3.645,3.798,3.953,3.993,1.169940932
4/8/13,3.676,3.608,3.761,3.916,3.977,1.169490955
4/15/13,3.611,3.542,3.7,3.852,3.942,1.169041151
4/22/13,3.603,3.536,3.687,3.836,3.887,1.168591519
4/29/13,3.587,3.52,3.668,3.822,3.851,1.168142061
5/6/13,3.602,3.538,3.681,3.83,3.845,1.167692776
5/13/13,3.665,3.603,3.739,3.883,3.866,1.167243663
5/20/13,3.729,3.673,3.801,3.926,3.89,1.166794723
5/27/13,3.704,3.645,3.779,3.912,3.88,1.166345956
6/3/13,3.705,3.646,3.773,3.913,3.869,1.165897361
6/10/13,3.715,3.655,3.783,3.929,3.849,1.165448939
6/17/13,3.689,3.626,3.764,3.912,3.841,1.16500069
6/24/13,3.645,3.577,3.733,3.88,3.838,1.164552613
7/1/13,3.567,3.496,3.66,3.813,3.817,1.164104708
7/8/13,3.563,3.492,3.654,3.81,3.828,1.163656975
7/15/13,3.706,3.639,3.786,3.943,3.867,1.163209415
7/22/13,3.751,3.682,3.831,3.993,3.903,1.162762027
7/29/13,3.716,3.646,3.801,3.963,3.915,1.16231481
8/5/13,3.701,3.632,3.781,3.947,3.909,1.161867766
8/12/13,3.633,3.561,3.719,3.886,3.896,1.161420894
8/19/13,3.622,3.55,3.707,3.874,3.9,1.160974194
8/26/13,3.623,3.552,3.707,3.875,3.913,1.160527665
9/2/13,3.678,3.608,3.76,3.922,3.981,1.160081308
9/9/13,3.658,3.587,3.741,3.906,3.981,1.159635123
9/16/13,3.619,3.547,3.709,3.87,3.974,1.15918911
9/23/13,3.567,3.495,3.656,3.819,3.949,1.158743268
9/30/13,3.499,3.425,3.596,3.758,3.919,1.158297597
10/7/13,3.441,3.367,3.535,3.701,3.897,1.157852098
10/14/13,3.43,3.354,3.527,3.694,3.886,1.15740677
10/21/13,3.435,3.36,3.531,3.696,3.886,1.156961614
10/28/13,3.372,3.294,3.475,3.644,3.87,1.156516629
11/4/13,3.343,3.265,3.441,3.614,3.857,1.156071815
11/11/13,3.274,3.194,3.38,3.552,3.832,1.155627172
11/18/13,3.298,3.219,3.401,3.573,3.822,1.1551827
11/25/13,3.372,3.293,3.47,3.649,3.844,1.154738399
12/2/13,3.353,3.272,3.457,3.635,3.883,1.154294269
12/9/13,3.35,3.269,3.453,3.632,3.879,1.153850309
12/16/13,3.321,3.239,3.423,3.605,3.871,1.153406521
12/23/13,3.351,3.271,3.451,3.632,3.873,1.152962903
12/30/13,3.409,3.331,3.503,3.682,3.903,1.152519455
1/6/14,3.411,3.332,3.513,3.69,3.91,1.152076179
1/13/14,3.406,3.327,3.505,3.683,3.886,1.151633073
1/20/14,3.376,3.296,3.477,3.657,3.873,1.151190137
1/27/14,3.375,3.295,3.474,3.654,3.904,1.150747371
2/3/14,3.372,3.292,3.475,3.651,3.951,1.150304776
2/10/14,3.388,3.309,3.487,3.664,3.977,1.149862351
2/17/14,3.457,3.38,3.555,3.728,3.989,1.149420096
2/24/14,3.52,3.444,3.615,3.783,4.017,1.148978012
3/3/14,3.553,3.479,3.648,3.812,4.016,1.148536097
3/10/14,3.584,3.512,3.674,3.835,4.021,1.148094353
3/17/14,3.619,3.547,3.71,3.871,4.003,1.147652778
3/24/14,3.622,3.549,3.716,3.876,3.988,1.147211373
3/31/14,3.651,3.579,3.743,3.904,3.975,1.146770138
4/7/14,3.67,3.596,3.769,3.928,3.959,1.146329072
4/14/14,3.725,3.651,3.823,3.976,3.952,1.145888176
4/21/14,3.758,3.683,3.857,4.014,3.971,1.14544745
4/28/14,3.788,3.713,3.888,4.047,3.975,1.145006894
5/5/14,3.761,3.684,3.864,4.027,3.964,1.144566506
5/12/14,3.746,3.668,3.85,4.015,3.948,1.144126288
5/19/14,3.743,3.665,3.844,4.011,3.934,1.14368624
5/26/14,3.75,3.674,3.85,4.014,3.925,1.143246361
6/2/14,3.765,3.69,3.862,4.024,3.918,1.14280665
6/9/14,3.749,3.674,3.844,4.008,3.892,1.142367109
6/16/14,3.76,3.686,3.853,4.016,3.882,1.141927737
6/23/14,3.778,3.704,3.873,4.036,3.919,1.141488534
6/30/14,3.778,3.704,3.872,4.036,3.92,1.1410495
7/7/14,3.753,3.678,3.849,4.015,3.913,1.140610635
7/14/14,3.712,3.635,3.811,3.978,3.894,1.140171939
7/21/14,3.671,3.593,3.773,3.938,3.869,1.139733411
7/28/14,3.617,3.539,3.723,3.888,3.858,1.139295052
8/4/14,3.595,3.515,3.701,3.866,3.853,1.138856862
8/11/14,3.582,3.505,3.684,3.85,3.843,1.13841884
8/18/14,3.549,3.472,3.653,3.816,3.835,1.137980986
8/25/14,3.532,3.454,3.635,3.8,3.821,1.137543301
9/1/14,3.536,3.459,3.638,3.803,3.814,1.137105785
9/8/14,3.534,3.457,3.632,3.801,3.814,1.136668436
9/15/14,3.485,3.408,3.585,3.754,3.801,1.136231256
9/22/14,3.432,3.353,3.536,3.707,3.778,1.135794244
9/29/14,3.434,3.354,3.537,3.71,3.755,1.1353574
10/6/14,3.382,3.299,3.492,3.667,3.733,1.134920724
10/13/14,3.292,3.207,3.406,3.581,3.698,1.134484216
10/20/14,3.205,3.12,3.319,3.499,3.656,1.134047876
10/27/14,3.139,3.056,3.248,3.425,3.635,1.133611704
11/3/14,3.077,2.993,3.187,3.369,3.623,1.1331757
11/10/14,3.025,2.941,3.134,3.315,3.677,1.132739863
11/17/14,2.978,2.894,3.088,3.27,3.661,1.132304194
11/24/14,2.907,2.821,3.019,3.205,3.628,1.131868692
12/1/14,2.864,2.778,2.978,3.164,3.605,1.131433358
12/8/14,2.767,2.679,2.882,3.072,3.535,1.130998191
12/15/14,2.643,2.554,2.763,2.951,3.419,1.130563192
12/22/14,2.496,2.403,2.619,2.813,3.281,1.13012836
12/29/14,2.392,2.299,2.517,2.713,3.213,1.129693695
1/5/15,2.308,2.214,2.437,2.631,3.137,1.129259198
1/12/15,2.232,2.139,2.358,2.553,3.053,1.128824867
1/19/15,2.157,2.066,2.277,2.473,2.933,1.128390704
1/26/15,2.133,2.044,2.25,2.444,2.866,1.127956707
2/2/15,2.154,2.068,2.268,2.454,2.831,1.127522878
2/9/15,2.276,2.191,2.388,2.568,2.835,1.127089215
2/16/15,2.358,2.274,2.467,2.651,2.865,1.126655719
2/23/15,2.415,2.332,2.526,2.704,2.9,1.12622239
3/2/15,2.556,2.473,2.671,2.837,2.936,1.125789228
3/9/15,2.57,2.487,2.686,2.853,2.944,1.125356232
3/16/15,2.537,2.453,2.652,2.824,2.917,1.124923402
3/23/15,2.538,2.457,2.65,2.817,2.864,1.12449074
3/30/15,2.531,2.448,2.649,2.814,2.824,1.124058243
4/6/15,2.499,2.413,2.617,2.789,2.784,1.123625913
4/13/15,2.494,2.408,2.616,2.786,2.754,1.123193749
4/20/15,2.57,2.485,2.686,2.857,2.78,1.122761752
4/27/15,2.656,2.57,2.777,2.947,2.811,1.12232992
5/4/15,2.749,2.664,2.87,3.036,2.854,1.121898255
5/11/15,2.776,2.691,2.9,3.063,2.878,1.121466756
5/18/15,2.827,2.744,2.949,3.109,2.904,1.121035422
5/25/15,2.857,2.774,2.975,3.14,2.914,1.120604255
6/1/15,2.863,2.78,2.978,3.143,2.909,1.120173253
6/8/15,2.863,2.78,2.977,3.15,2.884,1.119742417
6/15/15,2.918,2.835,3.025,3.202,2.87,1.119311747
6/22/15,2.895,2.812,3.006,3.182,2.859,1.118881243
6/29/15,2.885,2.801,2.997,3.175,2.843,1.118450904
7/6/15,2.877,2.793,2.99,3.168,2.832,1.11802073
7/13/15,2.92,2.834,3.044,3.213,2.814,1.117590722
7/20/15,2.888,2.802,3.012,3.179,2.782,1.11716088
7/27/15,2.833,2.745,2.96,3.129,2.723,1.116731202
8/3/15,2.779,2.689,2.909,3.083,2.668,1.11630169
8/10/15,2.72,2.629,2.85,3.03,2.617,1.115872344
8/17/15,2.803,2.716,2.927,3.096,2.615,1.115443162
8/24/15,2.726,2.637,2.854,3.027,2.561,1.115014145
8/31/15,2.602,2.51,2.734,2.916,2.514,1.114585294
9/7/15,2.532,2.437,2.662,2.853,2.534,1.114156607
9/14/15,2.471,2.375,2.605,2.801,2.517,1.113728085
9/21/15,2.425,2.327,2.561,2.759,2.493,1.113299728
9/28/15,2.418,2.322,2.551,2.748,2.476,1.112871536
10/5/15,2.415,2.318,2.545,2.748,2.492,1.112443509
10/12/15,2.432,2.337,2.561,2.757,2.556,1.112015646
10/19/15,2.374,2.277,2.505,2.705,2.531,1.111587947
10/26/15,2.326,2.228,2.46,2.663,2.498,1.111160414
11/2/15,2.322,2.224,2.455,2.66,2.485,1.110733044
11/9/15,2.335,2.235,2.468,2.678,2.502,1.110305839
11/16/15,2.281,2.178,2.42,2.633,2.482,1.109878798
11/23/15,2.198,2.094,2.338,2.556,2.445,1.109451922
11/30/15,2.165,2.059,2.308,2.529,2.421,1.10902521
12/7/15,2.159,2.053,2.303,2.523,2.379,1.108598662
12/14/15,2.144,2.037,2.287,2.509,2.338,1.108172277
12/21/15,2.133,2.026,2.28,2.499,2.284,1.107746057
12/28/15,2.141,2.034,2.29,2.506,2.237,1.107320001
1/4/16,2.135,2.028,2.285,2.498,2.211,1.106894109
1/11/16,2.104,1.996,2.253,2.469,2.177,1.10646838
1/18/16,2.022,1.914,2.172,2.39,2.112,1.106042816
1/25/16,1.965,1.856,2.118,2.337,2.071,1.105617414
2/1/16,1.932,1.822,2.085,2.307,2.031,1.105192177
2/8/16,1.87,1.759,2.025,2.247,2.008,1.104767103
2/15/16,1.834,1.724,1.984,2.209,1.98,1.104342193
2/22/16,1.837,1.73,1.983,2.205,1.983,1.103917446
2/29/16,1.887,1.783,2.029,2.244,1.989,1.103492862
3/7/16,1.943,1.841,2.081,2.294,2.021,1.103068442
3/14/16,2.062,1.961,2.2,2.409,2.099,1.102644185
3/21/16,2.109,2.007,2.248,2.461,2.119,1.102220091
3/28/16,2.169,2.066,2.31,2.521,2.121,1.10179616
4/4/16,2.185,2.083,2.323,2.532,2.115,1.101372392
4/11/16,2.173,2.069,2.315,2.527,2.128,1.100948787
4/18/16,2.24,2.137,2.378,2.59,2.165,1.100525346
4/25/16,2.265,2.162,2.405,2.616,2.198,1.100102067
5/2/16,2.342,2.24,2.482,2.693,2.266,1.09967895
5/9/16,2.325,2.22,2.469,2.683,2.271,1.099255997
5/16/16,2.345,2.242,2.485,2.7,2.297,1.098833206
5/23/16,2.403,2.3,2.541,2.756,2.357,1.098410578
5/30/16,2.44,2.339,2.574,2.788,2.382,1.097988112
6/6/16,2.482,2.381,2.616,2.83,2.407,1.097565809
6/13/16,2.499,2.399,2.632,2.842,2.431,1.097143669
6/20/16,2.455,2.353,2.592,2.805,2.426,1.09672169
6/27/16,2.432,2.329,2.57,2.785,2.426,1.096299874
7/4/16,2.396,2.291,2.537,2.755,2.423,1.09587822
7/11/16,2.359,2.253,2.501,2.721,2.414,1.095456729
7/18/16,2.336,2.23,2.479,2.701,2.402,1.095035399
7/25/16,2.289,2.182,2.434,2.656,2.379,1.094614232
8/1/16,2.267,2.159,2.413,2.635,2.348,1.094193226
8/8/16,2.256,2.15,2.398,2.621,2.316,1.093772383
8/15/16,2.256,2.149,2.401,2.622,2.31,1.093351701
8/22/16,2.299,2.193,2.441,2.664,2.37,1.092931181
8/29/16,2.341,2.237,2.481,2.701,2.409,1.092510823
9/5/16,2.329,2.223,2.468,2.698,2.407,1.092090627
9/12/16,2.31,2.202,2.454,2.68,2.399,1.091670592
9/19/16,2.333,2.225,2.481,2.706,2.389,1.091250718
9/26/16,2.334,2.224,2.484,2.708,2.382,1.090831007
10/3/16,2.354,2.245,2.506,2.726,2.389,1.090411456
10/10/16,2.381,2.272,2.529,2.754,2.445,1.089992067
10/17/16,2.367,2.257,2.516,2.742,2.481,1.08957284
10/24/16,2.353,2.243,2.502,2.73,2.478,1.089153773
10/31/16,2.341,2.23,2.493,2.719,2.479,1.088734868
11/7/16,2.345,2.233,2.498,2.732,2.47,1.088316124
11/14/16,2.298,2.184,2.455,2.691,2.443,1.08789754
11/21/16,2.269,2.155,2.423,2.66,2.421,1.087479118
11/28/16,2.268,2.154,2.423,2.657,2.42,1.087060857
12/5/16,2.321,2.208,2.471,2.71,2.48,1.086642757
12/12/16,2.347,2.236,2.494,2.732,2.493,1.086224817
12/19/16,2.375,2.264,2.522,2.761,2.527,1.085807038
12/26/16,2.419,2.309,2.561,2.799,2.54,1.08538942
1/2/17,2.485,2.377,2.622,2.865,2.586,1.084971963
1/9/17,2.496,2.388,2.636,2.874,2.597,1.084554666
1/16/17,2.467,2.358,2.607,2.845,2.585,1.08413753
1/23/17,2.436,2.326,2.578,2.817,2.569,1.083720554
1/30/17,2.408,2.296,2.553,2.795,2.562,1.083303738
2/6/17,2.405,2.293,2.552,2.79,2.558,1.082887083
2/13/17,2.418,2.307,2.566,2.801,2.565,1.082470588
2/20/17,2.414,2.302,2.564,2.798,2.572,1.082054253
2/27/17,2.427,2.314,2.579,2.812,2.577,1.081638078
3/6/17,2.452,2.341,2.604,2.833,2.579,1.081222064
3/13/17,2.434,2.323,2.586,2.816,2.564,1.080806209
3/20/17,2.433,2.321,2.587,2.816,2.539,1.080390514
3/27/17,2.428,2.315,2.583,2.812,2.532,1.079974979
4/3/17,2.471,2.36,2.622,2.851,2.556,1.079559604
4/10/17,2.534,2.424,2.683,2.912,2.582,1.079144389
4/17/17,2.546,2.436,2.694,2.927,2.597,1.078729334
4/24/17,2.559,2.449,2.706,2.938,2.595,1.078314438
5/1/17,2.522,2.411,2.673,2.907,2.583,1.077899701
5/8/17,2.484,2.372,2.635,2.87,2.565,1.077485125
5/15/17,2.481,2.369,2.634,2.867,2.544,1.077070707
5/22/17,2.51,2.399,2.663,2.889,2.539,1.076656449
5/29/17,2.516,2.406,2.665,2.894,2.571,1.076242351
6/5/17,2.525,2.414,2.677,2.906,2.564,1.075828411
6/12/17,2.479,2.366,2.633,2.865,2.524,1.075414631
6/19/17,2.433,2.318,2.593,2.825,2.489,1.07500101
6/26/17,2.404,2.288,2.565,2.799,2.465,1.074587548
7/3/17,2.376,2.26,2.536,2.77,2.472,1.074174245
7/10/17,2.411,2.297,2.569,2.798,2.481,1.073761101
7/17/17,2.392,2.278,2.551,2.781,2.491,1.073348116
7/24/17,2.426,2.312,2.582,2.816,2.507,1.07293529
7/31/17,2.467,2.352,2.623,2.86,2.531,1.072522623
8/7/17,2.492,2.378,2.644,2.882,2.581,1.072110114
8/14/17,2.497,2.384,2.653,2.886,2.598,1.071697764
8/21/17,2.474,2.36,2.631,2.865,2.596,1.071285572
8/28/17,2.513,2.399,2.668,2.901,2.605,1.07087354
9/4/17,2.794,2.679,2.946,3.191,2.758,1.070461665
9/11/17,2.8,2.685,2.953,3.197,2.802,1.070049949
9/18/17,2.75,2.634,2.906,3.151,2.791,1.069638391
9/25/17,2.701,2.583,2.859,3.105,2.788,1.069226992
10/2/17,2.682,2.565,2.841,3.085,2.792,1.068815751
10/9/17,2.622,2.504,2.78,3.025,2.776,1.068404668
10/16/17,2.605,2.489,2.764,3.003,2.787,1.067993743
10/23/17,2.594,2.479,2.75,2.987,2.797,1.067582976
10/30/17,2.602,2.488,2.76,2.994,2.819,1.067172367
11/6/17,2.673,2.561,2.829,3.059,2.882,1.066761916
11/13/17,2.706,2.592,2.865,3.092,2.915,1.066351623
11/20/17,2.683,2.568,2.843,3.075,2.912,1.065941488
11/27/17,2.648,2.533,2.81,3.043,2.926,1.065531511
12/4/17,2.617,2.5,2.778,3.014,2.922,1.065121691
12/11/17,2.601,2.485,2.763,3,2.91,1.064712029
12/18/17,2.568,2.45,2.731,2.969,2.901,1.064302524
12/25/17,2.589,2.472,2.749,2.985,2.903,1.063893177
1/1/18,2.637,2.52,2.798,3.035,2.973,1.063483987
1/8/18,2.639,2.522,2.802,3.04,2.996,1.063074955
1/15/18,2.673,2.557,2.831,3.068,3.028,1.06266608
1/22/18,2.684,2.567,2.845,3.085,3.025,1.062257362
1/29/18,2.723,2.607,2.882,3.122,3.07,1.061848802
2/5/18,2.753,2.637,2.914,3.149,3.086,1.061440398
2/12/18,2.724,2.607,2.888,3.125,3.063,1.061032152
2/19/18,2.676,2.557,2.843,3.082,3.027,1.060624063
2/26/18,2.666,2.548,2.83,3.069,3.007,1.06021613
3/5/18,2.679,2.56,2.845,3.084,2.992,1.059808355
3/12/18,2.677,2.559,2.843,3.078,2.976,1.059400736
3/19/18,2.716,2.598,2.881,3.114,2.972,1.058993275
3/26/18,2.764,2.648,2.928,3.161,3.01,1.058585969
4/2/18,2.817,2.7,2.979,3.212,3.042,1.058178821
4/9/18,2.811,2.694,2.977,3.209,3.043,1.057771829
4/16/18,2.863,2.747,3.025,3.256,3.104,1.057364994
4/23/18,2.914,2.798,3.075,3.31,3.133,1.056958315
4/30/18,2.961,2.846,3.117,3.353,3.157,1.056551793
5/7/18,2.96,2.845,3.119,3.354,3.171,1.056145426
5/14/18,2.949,2.873,3.212,3.452,3.239,1.055739217
5/21/18,2.999,2.923,3.257,3.497,3.277,1.055333163
5/28/18,3.039,2.962,3.296,3.536,3.288,1.054927266
6/4/18,3.018,2.94,3.285,3.524,3.285,1.054521525
6/11/18,2.989,2.911,3.259,3.495,3.266,1.054115939
6/18/18,2.958,2.879,3.23,3.47,3.244,1.05371051
6/25/18,2.913,2.833,3.189,3.432,3.216,1.053305237
7/2/18,2.924,2.844,3.197,3.439,3.236,1.052900119
7/9/18,2.937,2.857,3.207,3.454,3.243,1.052495158
7/16/18,2.943,2.865,3.209,3.451,3.239,1.052090352
7/23/18,2.911,2.831,3.18,3.426,3.22,1.051685702
7/30/18,2.924,2.846,3.189,3.433,3.226,1.051281207
8/6/18,2.93,2.852,3.191,3.435,3.223,1.050876868
8/13/18,2.921,2.843,3.184,3.428,3.217,1.050472685
8/20/18,2.9,2.821,3.171,3.407,3.207,1.050068657
8/27/18,2.906,2.827,3.176,3.412,3.226,1.049664785
9/3/18,2.903,2.824,3.175,3.416,3.252,1.049261067
9/10/18,2.912,2.833,3.184,3.426,3.258,1.048857505
9/17/18,2.921,2.841,3.194,3.435,3.268,1.048454099
9/24/18,2.923,2.844,3.195,3.436,3.271,1.048050847
10/1/18,2.947,2.866,3.223,3.468,3.313,1.047647751
10/8/18,2.984,2.903,3.263,3.504,3.385,1.047244809
10/15/18,2.961,2.879,3.249,3.488,3.394,1.046842023
10/22/18,2.925,2.841,3.221,3.463,3.38,1.046439391
10/29/18,2.896,2.811,3.196,3.437,3.355,1.046036914
11/5/18,2.84,2.753,3.146,3.389,3.338,1.045634593
11/12/18,2.773,2.686,3.086,3.326,3.317,1.045232425
11/19/18,2.7,2.611,3.022,3.258,3.282,1.044830413
11/26/18,2.63,2.539,2.965,3.203,3.261,1.044428555
12/3/18,2.544,2.451,2.883,3.119,3.207,1.044026852
12/10/18,2.511,2.421,2.842,3.079,3.161,1.043625303
12/17/18,2.46,2.369,2.793,3.03,3.121,1.043223909
12/24/18,2.413,2.321,2.75,2.987,3.077,1.042822669
12/31/18,2.358,2.266,2.697,2.934,3.048,1.042421583
1/7/19,2.329,2.237,2.662,2.906,3.013,1.042020652
1/14/19,2.338,2.247,2.66,2.907,2.976,1.041619874
1/21/19,2.34,2.251,2.661,2.902,2.965,1.041219251
1/28/19,2.343,2.256,2.65,2.899,2.965,1.040818783
2/4/19,2.341,2.254,2.644,2.895,2.966,1.040418468
2/11/19,2.361,2.276,2.657,2.912,2.966,1.040018307
2/18/19,2.4,2.317,2.688,2.94,3.006,1.0396183
2/25/19,2.471,2.39,2.739,2.998,3.048,1.039218446
3/4/19,2.502,2.422,2.768,3.02,3.076,1.038818747
3/11/19,2.549,2.471,2.807,3.059,3.079,1.038419201
3/18/19,2.625,2.548,2.879,3.135,3.07,1.038019809
3/25/19,2.701,2.623,2.96,3.212,3.08,1.037620571
4/1/19,2.77,2.691,3.034,3.286,3.078,1.037221486
4/8/19,2.826,2.745,3.103,3.354,3.093,1.036822555
4/15/19,2.912,2.828,3.198,3.449,3.118,1.036423777
4/22/19,2.926,2.841,3.221,3.474,3.147,1.036025152
4/29/19,2.972,2.887,3.27,3.523,3.169,1.035626681
5/6/19,2.983,2.897,3.286,3.537,3.171,1.035228363
5/13/19,2.954,2.866,3.258,3.514,3.16,1.034830198
5/20/19,2.939,2.852,3.245,3.499,3.163,1.034432187
5/27/19,2.909,2.822,3.212,3.471,3.151,1.034034328
6/3/19,2.893,2.807,3.194,3.447,3.136,1.033636623
6/10/19,2.821,2.732,3.134,3.383,3.105,1.03323907
6/17/19,2.759,2.67,3.079,3.326,3.07,1.032841671
6/24/19,2.741,2.654,3.051,3.3,3.043,1.032444424
7/1/19,2.798,2.713,3.095,3.343,3.042,1.03204733
7/8/19,2.827,2.743,3.117,3.366,3.055,1.031650388
7/15/19,2.86,2.779,3.137,3.392,3.051,1.0312536
7/22/19,2.833,2.75,3.116,3.368,3.044,1.030856964
7/29/19,2.798,2.715,3.084,3.339,3.034,1.03046048
8/5/19,2.772,2.688,3.062,3.317,3.032,1.030064149
8/12/19,2.71,2.624,3.01,3.266,3.011,1.029667971
8/19/19,2.684,2.598,2.982,3.24,2.994,1.029271945
8/26/19,2.661,2.574,2.965,3.219,2.983,1.028876071
9/2/19,2.651,2.563,2.96,3.215,2.976,1.028480349
9/9/19,2.638,2.55,2.95,3.202,2.971,1.02808478
9/16/19,2.64,2.552,2.95,3.203,2.987,1.027689363
9/23/19,2.741,2.654,3.048,3.296,3.081,1.027294098
9/30/19,2.737,2.642,3.082,3.341,3.066,1.026898985
10/7/19,2.742,2.645,3.097,3.356,3.047,1.026504023
10/14/19,2.727,2.629,3.085,3.345,3.051,1.026109214
10/21/19,2.735,2.638,3.089,3.34,3.05,1.025714557
10/28/19,2.692,2.596,3.046,3.298,3.064,1.025320051
11/4/19,2.702,2.605,3.064,3.313,3.062,1.024925697
11/11/19,2.711,2.615,3.067,3.321,3.073,1.024531495
11/18/19,2.688,2.592,3.036,3.291,3.074,1.024137445
11/25/19,2.672,2.579,3.015,3.264,3.066,1.023743546
12/2/19,2.667,2.575,2.999,3.249,3.07,1.023349798
12/9/19,2.652,2.561,2.981,3.23,3.049,1.022956202
12/16/19,2.627,2.536,2.955,3.204,3.046,1.022562757
12/23/19,2.621,2.532,2.943,3.191,3.041,1.022169464
12/30/19,2.658,2.571,2.968,3.209,3.069,1.021776322
1/6/20,2.665,2.578,2.973,3.214,3.079,1.021383331
1/13/20,2.657,2.57,2.964,3.209,3.064,1.020990491
1/20/20,2.625,2.537,2.94,3.183,3.037,1.020597803
1/27/20,2.595,2.506,2.911,3.163,3.01,1.020205265
2/3/20,2.546,2.455,2.872,3.125,2.956,1.019812878
2/10/20,2.511,2.419,2.842,3.095,2.91,1.019420643
2/17/20,2.518,2.428,2.841,3.091,2.89,1.019028558
2/24/20,2.555,2.466,2.868,3.122,2.882,1.018636624
3/2/20,2.514,2.423,2.838,3.093,2.851,1.01824484
3/9/20,2.468,2.375,2.798,3.054,2.814,1.017853208
3/16/20,2.343,2.248,2.689,2.941,2.733,1.017461726
3/23/20,2.217,2.12,2.58,2.817,2.659,1.017070394
3/30/20,2.103,2.005,2.473,2.716,2.586,1.016679213
4/6/20,2.022,1.924,2.392,2.635,2.548,1.016288183
4/13/20,1.951,1.853,2.316,2.562,2.507,1.015897303
4/20/20,1.91,1.812,2.275,2.519,2.48,1.015506573
4/27/20,1.87,1.773,2.226,2.478,2.437,1.015115994
5/4/20,1.883,1.789,2.221,2.479,2.399,1.014725564
5/11/20,1.941,1.851,2.257,2.519,2.394,1.014335285
5/18/20,1.969,1.878,2.286,2.553,2.386,1.013945156
5/25/20,2.049,1.96,2.363,2.618,2.39,1.013555177
6/1/20,2.064,1.974,2.38,2.638,2.386,1.013165349
6/8/20,2.123,2.036,2.434,2.686,2.396,1.01277567
6/15/20,2.185,2.098,2.495,2.745,2.403,1.01238614
6/22/20,2.216,2.129,2.521,2.773,2.425,1.011996761
6/29/20,2.26,2.174,2.563,2.812,2.43,1.011607532
7/6/20,2.265,2.177,2.571,2.821,2.437,1.011218452
7/13/20,2.283,2.195,2.589,2.842,2.438,1.010829522
7/20/20,2.275,2.186,2.584,2.836,2.433,1.010440741
7/27/20,2.265,2.175,2.582,2.838,2.427,1.01005211
8/3/20,2.266,2.176,2.587,2.834,2.424,1.009663628
8/10/20,2.256,2.166,2.578,2.826,2.428,1.009275296
8/17/20,2.256,2.166,2.577,2.829,2.427,1.008887113
8/24/20,2.272,2.182,2.595,2.842,2.426,1.00849908
8/31/20,2.311,2.222,2.629,2.877,2.441,1.008111196
9/7/20,2.302,2.211,2.624,2.872,2.435,1.007723461
9/14/20,2.274,2.183,2.6,2.851,2.422,1.007335875
9/21/20,2.259,2.168,2.582,2.836,2.404,1.006948438
9/28/20,2.259,2.169,2.583,2.831,2.394,1.00656115
10/5/20,2.262,2.172,2.583,2.833,2.387,1.006174011
10/12/20,2.257,2.167,2.579,2.829,2.395,1.005787021
10/19/20,2.24,2.15,2.565,2.815,2.388,1.00540018
10/26/20,2.234,2.143,2.559,2.81,2.385,1.005013487
11/2/20,2.204,2.112,2.533,2.786,2.372,1.004626944
11/9/20,2.188,2.096,2.517,2.771,2.383,1.004240549
11/16/20,2.202,2.111,2.532,2.783,2.441,1.003854302
11/23/20,2.194,2.102,2.525,2.779,2.462,1.003468205
11/30/20,2.211,2.12,2.54,2.792,2.502,1.003082255
12/7/20,2.246,2.156,2.567,2.82,2.526,1.002696454
12/14/20,2.247,2.158,2.565,2.821,2.559,1.002310802
12/21/20,2.311,2.224,2.618,2.871,2.619,1.001925298
12/28/20,2.33,2.243,2.634,2.889,2.635,1.001539942
1/4/21,2.336,2.249,2.639,2.895,2.64,1.001154734
1/11/21,2.403,2.317,2.702,2.959,2.67,1.000769675
1/18/21,2.464,2.379,2.759,3.014,2.696,1.000384763
1/25/21,2.478,2.392,2.776,3.033,2.716,1